ss_code,product_name,price,currency
01-07,ADEPTUS CUSTODES CUSTODIAN GUARD,61.0,USD
01-08,ASTRA TELEPATHICA SISTERS OF SILENCE,50.0,USD
01-10,CAPTAIN-GENERAL TRAJANN VALORIS,39.0,USD
01-11,ADEPTUS CUSTODES CUSTODIAN WARDENS,61.0,USD
01-12,ADEPTUS CUSTODES VERTUS PRAETORS,61.0,USD
01-13,ADEPTUS CUSTODES ALLARUS CUSTODIANS,51.0,USD
01-14-03,CODEX: ADEPTUS CUSTODES (HB) (ABR.) SPA,36.0,USD
01-14-60,CODEX: ADEPTUS CUSTODES (HB) (ENGLISH),41.0,USD
01-15-60,DATACARDS: ADEPTUS CUSTODES (ENG),19.0,USD
102-01,WH40K: KILL TEAM CORE MANUAL (ENGLISH),41.0,USD
102-01,WH40K: KILL TEAM CORE MANUAL (SPANISH),41.0,USD
102-10-03,WARHAMMER 40000: KILL TEAM (SPANISH),162.0,USD
102-10-60,WARHAMMER 40000: KILL TEAM (ENGLISH),162.0,USD
102-44-03,KILL TEAM: COMMANDERS (SPANISH),61.0,USD
102-44-60,KILL TEAM: COMMANDERS (ENGLISH),61.0,USD
102-49-03,KILL TEAM: ELITES (SPANISH),41.0,USD
102-49-60,KILL TEAM: ELITES (ENGLISH),41.0,USD
102-55,KILLZONE: MUNITORUM HUB,101.0,USD
102-56,KILLZONE: SECTOR MECHANICUS,101.0,USD
102-57,KILLZONE: SECTOR FRONTERIS,101.0,USD
102-74,KILL TEAM: PARIAH NEXUS (SPANISH),162.0,USD
102-74,KILL TEAM: PARIAH NEXUS (ENGLISH),162.0,USD
103-73,KILL TEAM: KILLZONES (ENGLISH),41.0,USD
103-73,KILL TEAM: KILLZONES (SPANISH),41.0,USD
35-33,EASY TO BUILD ASTRA MILITARUM CADIANS,11.0,USD
35-34,ETB: CHAOS SPACE MARINES CHAOS CULTISTS,11.0,USD
39-01,CODEX: DEATHWATCH (HB) (ENGLISH),31.0,USD
39-01,CODEX: DEATHWATCH (HB) (SPANISH),31.0,USD
39-02,DATACARDS: DEATHWATCH (ENGLISH),16.0,USD
39-10,DEATHWATCH VETERANS,39.0,USD
39-12,DEATHWATCH: CORVUS BLACKSTAR,81.0,USD
39-14,DEATHWATCH WATCH MASTER,35.0,USD
39-15,DEATHWATCH UPGRADES,15.0,USD
39-17,COMBAT PATROL: DEATHWATCH,141.0,USD
40-02,WARHAMMER 40000: CORE BOOK (ENGLISH),66.0,USD
40-02,WARHAMMER 40000: CORE BOOK (SPANISH),66.0,USD
40-03,WARHAMMER 40000 ELITE EDITION (ENGLISH),100.0,USD
40-03,WARHAMMER 40000 ELITE EDITION (SPANISH),100.0,USD
40-04,WARHAMMER 40000: RECRUIT (SPANISH),51.0,USD
40-04,WARHAMMER 40000: RECRUIT (ENGLISH),51.0,USD
40-05,WARHAMMER 40000 COMMAND EDITION (ENG),167.0,USD
40-05,WARHAMMER 40000 COMMAND EDITION (SPA),167.0,USD
40-06,GETTING STARTED WITH WARHAMMER 40K (ENG),16.0,USD
40-06,GETTING STARTED WITH WARHAMMER 40K (SPA),16.0,USD
40-10,WH40K: CHAPTER APPROVED 2020 (SPANISH),41.0,USD
40-10,WH40K: CHAPTER APPROVED 2020 (ENGLISH),41.0,USD
40-11,40K:TACTICAL DEPLOYMENT MISSION PK (ENG),41.0,USD
40-11,40K:TACTICAL DEPLOYMENT MISSION PK (SPA),41.0,USD
40-12,BEYOND THE VEIL CRUSADE MISSION PACK ENG,41.0,USD
40-12,BEYOND THE VEIL CRUSADE MISSION PACK SPA,41.0,USD
40-14,B/ZONE MANUFACTORUM DATASHEET CARDS ENG,26.0,USD
40-14,B/ZONE MANUFACTORUM DATASHEET CARDS SPA,26.0,USD
40-16,WH40K: CRUSADE JOURNAL (SPANISH),36.0,USD
40-16,WH40K: CRUSADE JOURNAL (ENGLISH),36.0,USD
40-20,WH40K: MISSION PACK: OPEN WAR (ENGLISH),19.0,USD
40-20,WH40K: MISSION PACK: OPEN WAR (SPANISH),19.0,USD
40-30,PSYCHIC AWAKENING: PHOENIX RISING (SPA),41.0,USD
40-30,PSYCHIC AWAKENING: PHOENIX RISING (ENG),41.0,USD
40-31,PSYCHIC AWAKENING: BLOOD OF BAAL (SPA),41.0,USD
40-31,PSYCHIC AWAKENING: BLOOD OF BAAL (ENG),41.0,USD
40-32,PSY AWAKE: RITUAL OF THE DAMNED (SPA),41.0,USD
40-32,PSY AWAKE: RITUAL OF THE DAMNED (ENG),41.0,USD
40-33,PSY/AWAKENING THE GREATER GOOD (HB) SPA,41.0,USD
40-33,PSY/AWAKENING: THE GREATER GOOD (HB) ENG,41.0,USD
40-34,PSYCHIC AWAKENING: ENGINE WAR (SPANISH),41.0,USD
40-34,PSYCHIC AWAKENING: ENGINE WAR (ENG),41.0,USD
40-36,PSYCHIC AWAKENING: WAR OF THE SPIDER SPA,41.0,USD
40-36,PSYCHIC AWAKENING: WAR OF THE SPIDER ENG,41.0,USD
40-47,WARHAMMER 40000: WOUND TRACKERS (6-PACK),13.0,USD
40-48,40K: BATTLEZONE MANUFACTORUM BATTLEFIELD,51.0,USD
40-50,DAEMONIFUGE EPHRAEL STERN & KYGANIL,51.0,USD
40-60,WARHAMMER 40000: INDOMITUS PLAYING CARDS,16.0,USD
41-01,CODEX: BLOOD ANGELS (HB) (ENGLISH),31.0,USD
41-01,CODEX: BLOOD ANGELS (HB/ABR.) (SPANISH),26.0,USD
41-04,DATACARDS: BLOOD ANGELS (ENGLISH),16.0,USD
41-07,BLOOD ANGELS DEATH COMPANY,39.0,USD
41-08,BLOOD ANGELS: SANGUINARY GUARD,49.0,USD
41-10,SPACE MARINES STORMRAVEN GUNSHIP,107.0,USD
41-11,BLOOD ANGELS: FURIOSO DREADNOUGHT,60.0,USD
41-14,BLOOD ANGELS SANGUINARY PRIEST,34.0,USD
41-17,BLOOD ANGELS CHAPLAIN WITH JUMP PACK,36.0,USD
41-22,BLOOD ANGELS: DEATH COMPANY INTERCESSORS,46.0,USD
41-25,COMBAT PATROL: BLOOD ANGELS,141.0,USD
41-30,BLOOD ANGELS PRIMARIS UPGRADES,15.0,USD
41-39,BLOOD ANGELS: MEPHISTON,41.0,USD
41-80,BLOOD ANGELS: UPGRADES,16.0,USD
43-01-03,CODEX: CHAOS SPACE MARINES 2 (ABR.) SPA,36.0,USD
43-01-60,CODEX: CHAOS SPACE MARINES 2 (ENGLISH),41.0,USD
43-02-60,DATACARDS: CHAOS SPACE MARINES 2 (ENG),19.0,USD
43-03,CODEX: DEATH GUARD (HB) (ENGLISH),51.0,USD
43-03,CODEX: DEATH GUARD (HB) (SPANISH),51.0,USD
43-04,DATACARDS: DEATH GUARD (ENGLISH),26.0,USD
43-04,DATACARDS: DEATH GUARD (SPANISH),26.0,USD
43-05-60,DATACARDS: CHAOS KNIGHTS (ENGLISH),19.0,USD
43-06,CHAOS SPACE MARINES,61.0,USD
43-08,CHAOS SPACE MARINES BIKERS,41.0,USD
43-09-03,CODEX: THOUSAND SONS (ABR.) (HB) (SPA),36.0,USD
43-09-60,CODEX: THOUSAND SONS (HB) (ENG),41.0,USD
43-10,KHORNE BERZERKERS,49.0,USD
43-11,CHAOS SPACE MARINES RHINO,45.0,USD
43-12,CHAOS SPACE MARINES CHAOS LORD,31.0,USD
43-13,CHAOS SPACE MARINE RAPTORS,39.0,USD
43-14,CHAOS SPACE MARINES FORGEFIEND,76.0,USD
43-15,CHAOS SPACE MARINES HELDRAKE,75.0,USD
43-18-03,CODEX: CHAOS KNIGHTS (HB) (SPANISH),41.0,USD
43-18-60,CODEX: CHAOS KNIGHTS (HB) (ENGLISH),41.0,USD
43-19,CHAOS SPACE MARINE TERMINATORS,61.0,USD
43-23,CHAOS S/M: HAARKEN WORLDCLAIMER,37.0,USD
43-24,DEATH GUARD: BIOLOGUS PUTRIFIER,31.0,USD
43-25,KHARN THE BETRAYER,36.0,USD
43-27,CHAOS SPACE MARINES POSSESSED,39.0,USD
43-29,DEATH GUARD: NAUSEOUS ROTBONE,31.0,USD
43-34,THOUSAND SONS MAGNUS THE RED,152.0,USD
43-35,THOUSAND SONS RUBRIC MARINES,60.0,USD
43-36,THOUSAND SONS SCARAB OCCULT TERMINATORS,61.0,USD
43-37,CHAOS SPACE MARINES DARK APOSTLE,36.0,USD
43-38,AHRIMAN ARCH-SORCERER OF TZEENTCH,41.0,USD
43-39,THOUSAND SONS EXALTED SORCERERS,61.0,USD
43-44,CHAOS SPACE MARINES MASTER OF EXECUTIONS,31.0,USD
43-45,D/G: SCRIBBUS WRETCH THE TALLYMAN,31.0,USD
43-46,DEATH GUARD: FOUL BLIGHTSPAWN,31.0,USD
43-47,DEATH GUARD: PLAGUE MARINE ICON BEARER,31.0,USD
43-48,DEATH GUARD: PLAGUE MARINE CHAMPION,31.0,USD
43-49,MORTARION: DAEMON PRIMARCH OF NURGLE,152.0,USD
43-50,DEATH GUARD: DEATHSHROUD BODYGUARD,61.0,USD
43-51,DEATH GUARD: BLIGHTLORD TERMINATORS,61.0,USD
43-52,DEATH GUARD: PLAGUEBURST CRAWLER,66.0,USD
43-53,D/GUARD: TYPHUS HERALD OF THE PLAGUE GOD,41.0,USD
43-54,DEATH GUARD: FOETID BLOAT-DRONE,51.0,USD
43-55,DEATH GUARD PLAGUE MARINES,51.0,USD
43-56,DEATH GUARD: MYPHITIC BLIGHT-HAULER,26.0,USD
43-58,CHAOS SPACE MARINES NOISE MARINE,37.0,USD
43-59,CHAOS SPACE MARINES VEX MACHINATOR,66.0,USD
43-60,CHAOS S/MARINES ABADDON THE DESPOILER,61.0,USD
43-61,CHAOS SPACE MARINES HAVOCS,56.0,USD
43-62,CHAOS SPACE MARINES CHAOS LORD (B/S F),31.0,USD
43-66,CHAOS KNIGHTS: KNIGHT DESECRATOR,152.0,USD
43-69,CHAOS SPACE MARINES SORCERER,31.0,USD
43-70,CHAOS SPACE MARINES NOCTILITH CROWN,59.0,USD
43-73,CHAOS SPACE MARINES: FABIUS BILE,41.0,USD
43-75,COMBAT PATROL: DEATH GUARD,141.0,USD
43-76,DEATH GUARD: POXWALKERS,36.0,USD
43-77,DEATH GUARD LORD OF VIRULENCE,36.0,USD
43-78,DEATH GUARD: MIASMIC MALIGNIFIER,61.0,USD
44-01,CODEX: DARK ANGELS (HB) (ENGLISH),31.0,USD
44-01,CODEX: DARK ANGELS (HB/ABR.) (SPANISH),26.0,USD
44-02,DATACARDS: DARK ANGELS (ENGLISH),16.0,USD
44-09,DARK ANGELS: COMPANY VETERANS,34.0,USD
44-10,DARK ANGELS: DEATHWING COMMAND SQUAD,61.0,USD
44-11,DARK ANGELS RAVENWING COMMAND SQUAD,55.0,USD
44-17,COMBAT PATROL: DARK ANGELS,141.0,USD
44-75,DARK ANGELS PRIMARIS UPGRADES,15.0,USD
44-80,DARK ANGELS UPGRADES,16.0,USD
45-01-60,CODEX: DRUKHARI (HB) (ENGLISH),41.0,USD
45-07,DRUKHARI KABALITE WARRIORS,37.0,USD
45-08,DARK ELDAR WYCHES,37.0,USD
45-10,DRUKHARI RAIDER,49.0,USD
45-11,DRUKHARI TALOS,56.0,USD
45-16,DRUKHARI SCOURGES,35.0,USD
45-18,DRUKHARI VENOM,37.0,USD
45-22,DRUKHARI ARCHON,30.0,USD
45-40,DRUKHARI INCUBI,56.0,USD
45-41,DRUKHARI DRAZHAR,41.0,USD
46-01-03,CODEX: CRAFTWORLDS (ABR.) (HB) (SPANISH),36.0,USD
46-01-60,CODEX: CRAFTWORLDS (HB) (ENGLISH),41.0,USD
46-02-60,DATACARDS: CRAFTWORLDS (ENGLISH),19.0,USD
46-05,CRAFTWORLDS FARSEER,30.0,USD
46-06,CRAFTWORLDS WINDRIDERS,51.0,USD
46-09,CRAFTWORLDS GUARDIANS,41.0,USD
46-13,CRAFTWORLDS WRAITHGUARD,56.0,USD
46-14,CRAFTWORLDS HEMLOCK WRAITHFIGHTER,81.0,USD
46-15,CRAFTWORLDS DIRE AVENGERS,36.0,USD
46-17,CRAFTWORLDS WRAITHLORD,56.0,USD
46-18,CRAFTWORLDS WAR WALKER,37.0,USD
46-19,CRAFTWORLDS SKYRUNNER,37.0,USD
46-21,CRAFTWORLDS WAVE SERPENT,59.0,USD
46-26,CRAFTWORLDS WRAITHKNIGHT,141.0,USD
46-27,YNNARI: TRIUMVIRATE OF YNNEAD,81.0,USD
46-42,ELDAR DARK REAPERS,50.0,USD
46-45,CRAFTWORLDS HOWLING BANSHEES,56.0,USD
46-49,CRAFTWORLDS JAIN ZAR,41.0,USD
46-60,CRAFTWORLDS ELDRAD ULTHRAN,35.0,USD
46-61,CRAFTWORLDS SPIRITSEER,31.0,USD
47-01-03,CODEX: ASTRA MILITARUM (HB) (ABR.) SPA,36.0,USD
47-01-60,CODEX: ASTRA MILITARUM (HB) (ENGLISH),41.0,USD
47-02-60,DATACARDS: ASTRA MILITARUM (ENGLISH),19.0,USD
47-06,ASTRA MILITARUM LEMAN RUSS BATTLE TANK,60.0,USD
47-07,ASTRA MILITARUM CHIMERA,49.0,USD
47-09,ASTRA MILITARUM CADIAN COMMAND SQUAD,37.0,USD
47-10,ASTRA MILITARUM VALKYRIE,81.0,USD
47-11,ASTRA MILITARUM LEMAN RUSS DEMOLISHER,60.0,USD
47-12,ASTRA MILITARUM SENTINEL,37.0,USD
47-14,MILITARUM AUXILLA BULLGRYNS,56.0,USD
47-15,MILITARUM TEMPESTUS SCIONS,39.0,USD
47-17,ASTRA MILITARUM CADIAN INFANTRY SQUAD,37.0,USD
47-19,A/MILITARUM CADIAN HEAVY WEAPON SQUAD,41.0,USD
47-20,OFFICIO PREFECTUS COMMISSAR,30.0,USD
47-21,ASTRA MILITARUM HYDRA,61.0,USD
47-24,ASTRA MILITARUM BANEBLADE,141.0,USD
47-27,ASTRA MILITARUM TECH-PRIEST ENGINSEER,34.0,USD
48-01,CODEX: SPACE MARINES (ABR.) (HB) SPANISH,41.0,USD
48-01,CODEX: SPACE MARINES (HB) (ENGLISH),51.0,USD
48-02,DATACARDS: SPACE MARINES (ENGLISH),26.0,USD
48-07,SPACE MARINES TACTICAL SQUAD,50.0,USD
48-09,SPACE MARINES ASSAULT SQUAD,50.0,USD
48-10,SPACE MARINES TERMINATOR SQUAD,55.0,USD
48-11,SPACE MARINE BIKE SQUAD,41.0,USD
48-15,SPACE MARINES DEVASTATOR SQUAD,55.0,USD
48-16,SPACE MARINES SCOUTS,35.0,USD
48-18,SPACE MARINES VANGUARD VETERAN SQUAD,49.0,USD
48-19,SPACE MARINE STERNGUARD VETERAN SQUAD,59.0,USD
48-20,SPACE MARINE ATTACK BIKE,35.0,USD
48-21,SPACE MARINES RAZORBACK,46.0,USD
48-22,SPACE MARINES: HAMMERFALL BUNKER,61.0,USD
48-23,SPACE MARINES PREDATOR,61.0,USD
48-24,SPACE MARINES CENTURION ASSAULT SQUAD,79.0,USD
48-25,SPACE MARINES VINDICATOR,61.0,USD
48-27,SPACE MARINES DROP POD,45.0,USD
48-29,SPACE MARINES SCOUTS WITH SNIPER RIFLES,35.0,USD
48-30,S/MARINES LAND RAIDER CRUSADER/REDEEMER,97.0,USD
48-31,SPACE MARINES: PRIMARIS CHAPLAIN ON BIKE,46.0,USD
48-32,SPACE MARINES VENERABLE DREADNOUGHT,60.0,USD
48-34,SPACE MARINES TERMINATOR ASSAULT SQUAD,56.0,USD
48-35,SPACE MARINE LAND SPEEDER STORM,37.0,USD
48-36,SPACE MARINES: ASSAULT INTERCESSORS,61.0,USD
48-37,SPACE MARINES GLADIATOR,81.0,USD
48-38,SPACE MARINES LIBRARIAN,34.0,USD
48-39,SPACE MARINES PRIMARIS TECHMARINE,36.0,USD
48-41,SPACE MARINES OUTRIDERS,61.0,USD
48-42,SPACE MARINES STORMHAWK INTERCEPTOR,61.0,USD
48-43,SPACE MARINES PRIMARIS ERADICATORS,51.0,USD
48-44,SPACE MARINES BLADEGUARD VETERANS,51.0,USD
48-45,SPACE MARINES STORM SPEEDER,66.0,USD
48-46,SPACE MARINES IRONCLAD DREADNOUGHT,59.0,USD
48-50,SPACE MARINES PRIMARIS INVADER ATV,41.0,USD
48-51,SPACE MARINES COMPANY COMMAND,51.0,USD
48-52,SPACE MARINES FIRESTRIKE SERVO-TURRET,36.0,USD
48-55,S/MARINES PRIMARIS REPULSOR EXECUTIONER,101.0,USD
48-60,SPACE MARINES PRIMARIS APOTHECARY,36.0,USD
48-61,SPACE MARINES PRIMARIS CAPTAIN,36.0,USD
48-62,SPACE MARINES PRIMARIS CHAPLAIN,36.0,USD
48-63,SPACE MARINES PRIMARIS LIBRARIAN,36.0,USD
48-64,PRIMARIS LIEUTENANT IN PHOBOS ARMOUR,36.0,USD
48-67,PRIMARIS LIBRARIAN IN PHOBOS ARMOUR,36.0,USD
48-68,SPACE MARINES CAPTAIN IN PHOBOS ARMOUR,37.0,USD
48-69,SPACE MARINES PRIMARIS AGGRESSORS,51.0,USD
48-71,SPACE MARINES PRIMARIS REIVERS,61.0,USD
48-75,SPACE MARINES PRIMARIS INTERCESSORS,61.0,USD
48-76,SPACE MARINES PRIMARIS HELLBLASTERS,61.0,USD
48-77,S/MARINES PRIMARIS REDEMPTOR DREADNOUGHT,66.0,USD
48-78,SPACE MARINES PRIMARIS REPULSOR,81.0,USD
48-79,SPACE MARINES PRIMARIS INCEPTORS,51.0,USD
48-84,S/M PRIMARIS LIEUTENANT WITH POWER SWORD,36.0,USD
48-93,SPACE MARINES PRIMARIS ELIMINATORS,51.0,USD
48-94,SPACE MARINES PRIMARIS IMPULSOR,76.0,USD
48-97,SPACE MARINES PRIMARIS INFILTRATORS,61.0,USD
48-98,S/M PRIMARIS INVICTOR TACTICAL WARSUIT,61.0,USD
49-01,CODEX: NECRONS (ABR.) (HB) (SPANISH),41.0,USD
49-01,CODEX: NECRONS (HB) (ENGLISH),51.0,USD
49-03,DATACARDS: NECRONS (ENGLISH),26.0,USD
49-06,NECRONS: NECRON WARRIORS,46.0,USD
49-07,NECRONS: TRIARCH PRAETORIANS,49.0,USD
49-09,NECRONS MONOLITH,172.0,USD
49-10,NECRONS: IMMORTALS,39.0,USD
49-11,NECRONS: GHOST ARK,56.0,USD
49-12,NECRONS: CATACOMB COMMAND BARGE,49.0,USD
49-13,NECRONS: TOMB BLADES,50.0,USD
49-14,NECRONS: CANOPTEK WRAITHS,56.0,USD
49-15,NECRONS: DOOM SCYTHE,61.0,USD
49-16,NECRONS: CANOPTEK SPYDER,39.0,USD
49-18,NECRONS: TRIARCH STALKER,56.0,USD
49-20,NECRONS: OVERLORD,29.0,USD
49-22,NECRONS: CRYPTEK,36.0,USD
49-25,NECRONS: CONVERGENCE OF DOMINION,61.0,USD
49-26,NECRONS: SZAREKH THE SILENT KING,152.0,USD
49-27,NECRONS HEXMARK DESTROYER,36.0,USD
49-28,NECRONS LOKHUSTS HEAVY DESTROYER,36.0,USD
49-29,NECRONS CANOPTEK DOOMSTALKER,41.0,USD
49-30,NECRONS: C'TAN SHARD OF THE VOID DRAGON,111.0,USD
49-31,NECRONS SKORPEKH DESTROYERS,56.0,USD
49-32,NECRONS OPHYDIAN DESTROYERS,56.0,USD
49-33,NECRONS PSYCHOMANCER,36.0,USD
49-66,NECRONS ILLUMINOR SZERAS,51.0,USD
50-01-03,CODEX: ORKS (HB) (ABRIDGED) (SPANISH),36.0,USD
50-01-60,CODEX: ORKS (HB) (ENGLISH),41.0,USD
50-02-60,DATACARDS: ORKS (ENGLISH),19.0,USD
50-07,ORK WARBIKER MOB,46.0,USD
50-08,ORK MEGANOBZ,64.0,USD
50-09,ORK TRUKK,45.0,USD
50-10,ORK BOYZ,37.0,USD
50-12,ORK NOBZ,35.0,USD
50-13,ORK STORMBOYZ,35.0,USD
50-16,ORKS GRETCHIN,19.0,USD
50-17,ORK KILLA KANS,56.0,USD
50-19,ORK GORKANAUT,126.0,USD
50-20,ORK BATTLEWAGON,76.0,USD
50-22,ORK LOOTAS,35.0,USD
50-24,ORK FLASH GITZ,56.0,USD
50-25,ORKS PAINBOY,30.0,USD
50-26,ORK MEK GUN,51.0,USD
50-28,ORKS MEKBOY WORKSHOP,49.0,USD
50-29,ORKS: GHAZGHKULL THRAKA,66.0,USD
50-32,ORK WAZBOM BLASTAJET,76.0,USD
50-33,ORKS WARBOSS GRUKK'S BOSS MOB,51.0,USD
50-34,ORKS SHOKKJUMP DRAGSTA,51.0,USD
50-35,ORKS RUKKATRUKK SQUIGBUGGY,51.0,USD
50-36,ORKS MEGATRAKK SCRAPJET,51.0,USD
50-37,ORKS KUSTOM BOOSTA-BLASTA,51.0,USD
50-38,ORKS DEFFKILLA WARTRIKE,51.0,USD
50-39,ORKS BOOMDAKKA SNAZZWAGON,51.0,USD
51-01-03,CODEX: TYRANIDS (ABR.) (HB) (SPANISH),36.0,USD
51-01-60,CODEX: TYRANIDS (HB) (ENGLISH),41.0,USD
51-02-60,DATACARDS: TYRANIDS (ENGLISH),19.0,USD
51-06,TYRANID GENESTEALERS,37.0,USD
51-08,TYRANIDS HIVE TYRANT,61.0,USD
51-09,TYRANID TYRANNOFEX / TERVIGON,59.0,USD
51-12,TYRANID GARGOYLE BROOD,37.0,USD
51-13,TYRANID TRYGON/MAWLOC,81.0,USD
51-14,TYRANID HARPY,81.0,USD
51-16,TYRANIDS TERMAGANT BROOD,36.0,USD
51-17,TYRANID HORMAGAUNT BROOD,37.0,USD
51-18,TYRANID WARRIORS,56.0,USD
51-21,TYRANID TYRANNOCYTE,66.0,USD
51-22,TYRANID VENOMTHROPES,67.0,USD
51-23,TYRANID BROODLORD,41.0,USD
51-40-03,CODEX: GENESTEALER CULTS (ABR.) (HB) SPA,36.0,USD
51-40-60,CODEX: GENESTEALER CULTS (HB) (ENGLISH),41.0,USD
51-42-60,DATACARDS: GENESTEALER CULTS (ENGLISH),19.0,USD
51-44,GENESTEALER CULTS BIOPHAGUS,31.0,USD
51-45,GENESTEALER CULTS CLAMAVUS,31.0,USD
51-46,GENESTEALER CULTS LOCUS,31.0,USD
51-47,GENESTEALER CULTS MAGUS,31.0,USD
51-48,GENESTEALER CULTS NEXOS,31.0,USD
51-49,GENESTEALER CULTS SANCTUS,31.0,USD
51-50,GENESTEALER CULTS BROODCOVEN,61.0,USD
51-51,GENESTEALER CULTS ACOLYTE HYBRIDS,41.0,USD
51-52,GENESTEALER CULTS NEOPHYTE HYBRIDS,45.0,USD
51-53,GENESTEALER CULTS GOLIATH,61.0,USD
51-57,GENESTEALER CULTS BROOD BROTHERS,46.0,USD
51-59,GENESTEALER CULTS ABOMINANT,31.0,USD
51-60,GENESTEALER CULTS ABERRANTS,41.0,USD
51-61,GENESTEALER CULTS ACHILLES RIDGERUNNER,51.0,USD
51-62,GENESTEALER CULTS ATALAN JACKALS,56.0,USD
51-63,GENESTEALER CULTS JACKAL ALPHUS,39.0,USD
51-67,GENESTEALER CULTS KELERMORPH,31.0,USD
52-01,CODEX: ADEPTA SORORITAS (HB/ABR.) (SPA),36.0,USD
52-01,CODEX: ADEPTA SORORITAS (HB) (ENG),41.0,USD
52-02,DATACARDS: ADEPTA SORORITAS (ENGLISH),26.0,USD
52-08,ADEPTA SORORITAS IMMOLATOR,76.0,USD
52-09,ADEPTA SORORITAS EXORCIST,81.0,USD
52-10,OFFICIO ASSASSINORUM VINDICARE ASSASSIN,37.0,USD
52-11,OFFICIO ASSASSINORUM CULEXUS ASSASSIN,37.0,USD
52-13,OFFICIO ASSASSINORUM EVERSOR ASSASSIN,37.0,USD
52-15,ADEPTA SORORITAS IMAGIFIER,31.0,USD
52-16,ADEPTA SORORITAS DIALOGUS,36.0,USD
52-17,ADEPTA SORORITAS JUNITH ERUITA,46.0,USD
52-18,ADEPTA SORORITAS HOSPITALLER,36.0,USD
52-19,ADEPTA SORORITAS ARCO-FLAGELLANTS,51.0,USD
52-20,ADEPTA SORORITAS BATTLE SISTERS SQUAD,61.0,USD
52-21,ADEPTA SORORITAS CANONESS,36.0,USD
52-22,ADEPTA SORORITAS PENITENT ENGINES,61.0,USD
52-23,ADEPTA SORORITAS REPENTIA SQUAD,51.0,USD
52-24,A/SOROR.: THE TRIUMPH OF SAINT KATHERINE,111.0,USD
52-25,ADEPTA SORORITAS RETRIBUTOR SQUAD,56.0,USD
52-26,ADEPTA SORORITAS RHINO,61.0,USD
52-27,ADEPTA SORORITAS SERAPHIM SQUAD,56.0,USD
52-29,ADEPTA SORORITAS BATTLE SANCTUM,116.0,USD
52-42,LORD INQUISITOR KYRIA DRAXUS,36.0,USD
52-58,CELESTINE THE LIVING SAINT,56.0,USD
53-01,CODEX: SPACE WOLVES (ABR.) (HB) (SPA),26.0,USD
53-01,CODEX: SPACE WOLVES (HB) (ENGLISH),31.0,USD
53-02,DATACARDS: SPACE WOLVES (ENGLISH),16.0,USD
53-06,SPACE WOLVES GREY HUNTERS,49.0,USD
53-07,SPACE WOLVES WOLF GUARD TERMINATORS,55.0,USD
53-09,SPACE WOLVES THUNDERWOLF CAVALRY,58.0,USD
53-10,SPACE WOLVES FENRISIAN WOLVES,36.0,USD
53-11,SPACE WOLVES STORMFANG GUNSHIP,82.0,USD
53-12,SPACE WOLVES VENERABLE DREADNOUGHT,58.0,USD
53-16,SPACE WOLVES: WULFEN,61.0,USD
53-17,SPACE WOLVES ULRIK THE SLAYER,33.0,USD
53-19,SPACE WOLVES IRON PRIEST,33.0,USD
53-25,SPACE WOLVES PRIMARIS UPGRADES,15.0,USD
53-26,SPACE WOLVES HOUNDS OF MORKAI,46.0,USD
53-30,SPACE WOLVES: RAGNAR BLACKMANE,41.0,USD
53-37,COMBAT PATROL: SPACE WOLVES,141.0,USD
53-42-60,DATACARDS: ULTRAMARINES (ENGLISH),16.0,USD
53-43-60,DATACARDS: WHITE SCARS (ENGLISH),16.0,USD
53-45-60,DATACARDS: RAVEN GUARD (ENGLISH),19.0,USD
53-46-60,DATACARDS: IRON HANDS (ENGLISH),19.0,USD
53-48,DATACARDS: IMPERIAL FISTS (ENGLISH),19.0,USD
53-50,DATACARDS: SALAMANDERS (ENGLISH),19.0,USD
53-80,SPACE WOLVES UPGRADES,16.0,USD
54-01-03,CODEX: IMPERIAL KNIGHTS (ABR.) (HB) SPA,36.0,USD
54-01-60,CODEX: IMPERIAL KNIGHTS (HB) (ENGLISH),41.0,USD
54-02-60,DATACARDS: IMPERIAL KNIGHTS (ENGLISH),19.0,USD
54-13,IMPERIAL KNIGHTS ARMIGER HELVERINS,76.0,USD
54-14,IMPERIAL KNIGHTS: KNIGHT VALIANT,172.0,USD
54-15,KNIGHT PRECEPTOR CANIS REX,159.0,USD
54-16,IMPERIAL KNIGHTS: KNIGHT CASTELLAN,172.0,USD
54-17,IMPERIAL KNIGHTS: ARMIGER WARGLAIVES,76.0,USD
55-02,CODEX: ULTRAMARINES (HB) (ENGLISH),31.0,USD
55-02,CODEX: ULTRAMARINES (HB) (SPANISH),31.0,USD
55-03,CODEX: WHITE SCARS (HB) (ENGLISH),31.0,USD
55-03,CODEX: WHITE SCARS (HB) (SPANISH),31.0,USD
55-04,CODEX: RAVEN GUARD (HB) (ENGLISH),31.0,USD
55-04,CODEX: RAVEN GUARD (HB) (SPANISH),31.0,USD
55-05,CODEX: IRON HANDS (HB) (ENGLISH),31.0,USD
55-05,CODEX: IRON HANDS (HB) (SPANISH),31.0,USD
55-06,CODEX: IMPERIAL FISTS (ENGLISH),31.0,USD
55-06,CODEX: IMPERIAL FISTS (SPANISH),31.0,USD
55-07,CODEX: SALAMANDERS (ENGLISH),31.0,USD
55-07,CODEX: SALAMANDERS (SPANISH),31.0,USD
55-08,S/MARINES: TERMINATOR CHAPLAIN TARENTUS,36.0,USD
55-09,IRON HANDS PRIMARIS UPGRADES & TRANSFERS,26.0,USD
55-10,IRON HANDS: IRON FATHER FEIRROS,41.0,USD
55-13,RAVEN GUARD PRIMARIS UPGRADES & TRANSFRS,26.0,USD
55-15,RAVEN GUARD KAYVAAN SHRIKE,41.0,USD
55-16,SALAMANDERS PRIMARIS UPGRADES & TRANSFRS,26.0,USD
55-17,SALAMANDERS ADRAX AGATONE,41.0,USD
55-18,ULTRAMARINES UPGRADES,16.0,USD
55-19,ULTRAMARINES PRIMARIS UPGRADES,16.0,USD
55-20,ULTRAMARINES ROBOUTE GUILLIMAN,61.0,USD
55-21,MARNEUS CALGAR WITH VICTRIX HONOUR GUARD,56.0,USD
55-22,ULTRAMARINES CHIEF LIBRARIAN TIGURIUS,41.0,USD
55-23,WHITE SCARS PRIMARIS UPGRADES/TRANSFERS,26.0,USD
55-24,WHITE SCARS KOR'SARRO KHAN,41.0,USD
55-25,IMPERIAL FISTS TOR GARADON,41.0,USD
55-26,IMP. FISTS PRIMARIS UPGRADES & TRANSFERS,26.0,USD
55-42,ULTRAMARINES CAPTAIN URIEL VENTRIS,36.0,USD
56-01-03,CODEX: T'AU EMPIRE (ABR.) (HB) (SPANISH),36.0,USD
56-01-60,CODEX: T'AU EMPIRE (HB) (ENGLISH),41.0,USD
56-02-60,DATACARDS : T'AU EMPIRE (ENGLISH),19.0,USD
56-06,TAU EMPIRE FIRE WARRIORS,51.0,USD
56-07,TAU EMPIRE XV8 CRISIS BATTLESUITS,76.0,USD
56-09,TAU EMPIRE PATHFINDER TEAM,39.0,USD
56-10,TAU EMPIRE TY7 DEVILFISH,49.0,USD
56-11,HAMMERHEAD GUNSHIP,61.0,USD
56-13,TAU EMPIRE XV104 RIPTIDE BATTLESUIT,111.0,USD
56-14,TAU EMPIRE XV25 STEALTH BATTLESUITS,35.0,USD
56-15,TAU EMPIRE XV88 BROADSIDE BATTLESUIT,56.0,USD
56-16,T'AU EMPIRE CADRE FIREBLADE,30.0,USD
56-18,TAU EMPIRE KV128 STORMSURGE,172.0,USD
56-19,TAU EMPIRE TX4 PIRANHA,37.0,USD
56-20,TAU XV95 GHOSTKEEL BATTLESUIT,81.0,USD
56-22,TAU EMPIRE COMMANDER,56.0,USD
56-29,T'AU EMPIRE: COMMANDER SHADOWSUN,46.0,USD
56-51,TAU EMPIRE TIDEWALL SHIELDLINE,66.0,USD
57-01-03,CODEX: GREY KNIGHTS (ABR) (HB) (SPA),36.0,USD
57-01-60,CODEX: GREY KNIGHTS (HB) (ENGLISH),41.0,USD
57-08,GREY KNIGHTS STRIKE SQUAD,61.0,USD
57-09,GREY KNIGHTS PALADIN SQUAD,55.0,USD
57-10,GREY KNIGHTS NEMESIS DREADKNIGHT,61.0,USD
57-11,GREY KNIGHTS GRAND MASTER VOLDUS,37.0,USD
57-20-60,DATACARDS: GREY KNIGHTS (ENGLISH),19.0,USD
58-01-03,CODEX: HARLEQUINS (ABR.) (HB) (SPANISH),26.0,USD
58-01-60,CODEX: HARLEQUINS (HB) (ENGLISH),36.0,USD
58-02-60,DATACARDS: HARLEQUINS (ENG),19.0,USD
58-10,HARLEQUIN TROUPE,41.0,USD
58-11,HARLEQUIN SKYWEAVERS,45.0,USD
58-12,HARLEQUIN STARWEAVER,42.0,USD
58-14,HARLEQUIN SHADOWSEER,29.0,USD
58-15,HARLEQUIN DEATH JESTER,29.0,USD
59-01-03,CODEX: ADEPTUS MECHANICUS (HB) (ABR) SPA,36.0,USD
59-01-60,CODEX: ADEPTUS MECHANICUS (HB) (ENGLISH),41.0,USD
59-02-60,DATACARDS: ADEPTUS MECHANICUS (ENGLISH),19.0,USD
59-10,ADEPTUS MECHANICUS SKITARII,45.0,USD
59-11,ADEPTUS MECHANICUS SICARIANS,50.0,USD
59-12,ADEPTUS MECHANICUS IRONSTRIDER,56.0,USD
59-13,ADEPTUS MECHANICUS ONAGER DUNECRAWLER,76.0,USD
59-14,ADEPTUS MECH. KATAPHRON BATTLE SERVITORS,59.0,USD
59-15,ADEPTUS MECHANICUS ELECTRO-PRIESTS,46.0,USD
59-16,ADEPTUS MECHANICUS KASTELAN ROBOTS,76.0,USD
59-17,ADEPTUS MECHANICUS BELISARIUS CAWL,56.0,USD
59-18,ADEPTUS MECHANICUS TECH-PRIEST DOMINUS,37.0,USD
59-20,ADEPT/MECHANICUS SKORPIUS DISINTEGRATOR,76.0,USD
59-21,ADEPTUS MECHANICUS TECH-PRIEST MANIPULUS,36.0,USD
59-22,ADEPTUS MECHANICUS: ARCHAEOPTER,101.0,USD
59-23,ADEPTUS MECHANICUS: PTERAXII,61.0,USD
59-24,ADEPTUS MECHANICUS SERBERYS RAIDERS,61.0,USD
60-11,ASSLT INT + PAINTS ENG/SPA/PORT/LATV/ROM,36.0,USD
60-12,40K PAINTS + TOOLS ENG/SPA/PORT/LATV/ROM,46.0,USD
60-69,NECRONS PAINT SET+ ENG/SPA/PORT/LATV/ROM,36.0,USD
64-01,WARHAMMER 40000: HERO BASES,36.0,USD
64-23,S/MECHANICUS: THERMIC PLASMA REGULATORS,35.0,USD
64-39,SECTOR IMPERIALIS RUINS,39.0,USD
64-46,SECTOR MECHANICUS:GALVANIC SERVO-HAULERS,51.0,USD
64-60,BATTLEZONE MANUFACTORUM: CONSERVATORS,41.0,USD
64-62,B/Z MANUF.: SUB-CLOISTER & STORAGE FANE,61.0,USD
64-65,B/ZONE MANUFACT.: SANCTUM ADMINISTRATUS,81.0,USD
64-74,SECTOR MECHANICUS: SACRISTAN FORGESHRINE,49.0,USD
64-81,COMMAND EDTN: BATTLEFIELD EXPANSION SET,91.0,USD
64-82,SECTOR MECHANICUS TECTONIC FRAGDRILL,66.0,USD
64-91,BATTLEZONE: MANUFACTORUM VERTIGUS,152.0,USD
64-98,B/Z MANUF.:MUNITORUM ARMOURED CONTAINERS,56.0,USD
65-20,WH40K APOCALYPSE MOVEMENT TRAYS (25MM),41.0,USD
65-21,WH40K APOCALYPSE MOVEMENT TRAYS (32MM),41.0,USD
65-22,WH40K APOCALYPSE MOVEMENT TRAYS (40MM),41.0,USD
66-44,SECTOR IMPERIALIS ADMINISTRATUM,59.0,USD
66-91,SECTOR IMPERIALIS: 32MM ROUND BASES,36.0,USD
66-92,SECTOR IMPERIALIS: 25 & 40MM ROUND BASES,36.0,USD
66-93,S/IMPERIALIS: 60MM RD+75/90MM OVAL BASES,36.0,USD
66-94,SECTOR IMPERIALIS: LARGE BASE DETAIL KIT,36.0,USD
66-95,SECTOR MECHANICUS: INDUSTRIAL BASES,36.0,USD
70-40,START COLLECTING! CHAOS SPACE MARINES,96.0,USD
70-42,START COLLECTING! VANGUARD SPACE MARINES,96.0,USD
70-46,START COLLECTING! CRAFTWORLDS,91.0,USD
70-47,START COLLECTING! ASTRA MILITARUM,91.0,USD
70-50,START COLLECTING! ORKS,91.0,USD
70-51,START COLLECTING! TYRANIDS,96.0,USD
70-54,START COLLECTING! MILITARUM TEMPESTUS,96.0,USD
70-55,START COLLECTING! THOUSAND SONS,96.0,USD
70-56,START COLLECTING! T'AU EMPIRE,96.0,USD
70-59,START COLLECTING! ADEPTUS MECHANICUS,96.0,USD
70-60,START COLLECTING! GENESTEALER CULTS,96.0,USD
97-02-03,CODEX: CHAOS DAEMONS (ABR.) (HB) SPANISH,36.0,USD
97-02-60,CODEX: CHAOS DAEMONS (HB) (ENGLISH),41.0,USD
97-04-60,DATACARDS: CHAOS DAEMONS (ENGLISH),19.0,USD
BL002-60,PRIMARCH NOVEL BUNDLE,192.0,USD
BL004-60,DAN ABNETT NOVEL BUNDLE,144.0,USD
BL-02,TALONS OF THE EMPEROR:VALERIAN AND ALEYA,51.0,USD
BL1001,HORUS HERESY: BETRAYER (PB),11.0,USD
BL1018,HORUS HERESY: MARK OF CALTH (PB),11.0,USD
BL1047,HORUS HERESY: VULKAN LIVES (PB),11.0,USD
BL1050,NIGHT LORDS: THE OMNIBUS (PB),22.0,USD
BL1055,HH: THE UNREMEMBERED EMPIRE (A-FORMAT),11.0,USD
BL1092,HORUS HERESY: SCARS,11.0,USD
BL1105,HORUS HERESY: FALSE GODS,11.0,USD
BL1108,HORUS HERESY: GALAXY IN FLAMES,11.0,USD
BL1112,HORUS HERESY: PROSPERO BURNS,11.0,USD
BL1113,HORUS HERESY: NEMESIS (PB),11.0,USD
BL1114,HORUS HERESY: DELIVERANCE LOST,11.0,USD
BL1117,HORUS HERESY: A THOUSAND SONS (PB),11.0,USD
BL1118,HORUS HERESY: BATTLE FOR THE ABYSS (PB),11.0,USD
BL1119,HORUS HERESY: DESCENT OF ANGELS (PB),11.0,USD
BL1120,HORUS HERESY: FALLEN ANGELS (PB),11.0,USD
BL1121,HORUS HERESY: FULGRIM (PB),11.0,USD
BL1122,HORUS HERESY: LEGION (PB),11.0,USD
BL1123,HORUS HERESY: MECHANICUM (PB),11.0,USD
BL1124,HORUS HERESY: TALES OF HERESY (PB),11.0,USD
BL1125,HORUS HERESY: FLIGHT OF THE EISENSTEIN,11.0,USD
BL1126,HORUS HERESY: HORUS RISING,11.0,USD
BL1142,HORUS HERESY: VENGEFUL SPIRIT,11.0,USD
BL2007,HORUS HERESY: THE DAMNATION OF PYTHOS,11.0,USD
BL2050,EISENHORN: XENOS (PB),17.0,USD
BL2054,HORUS HERESY: THE PRIMARCHS (PB),11.0,USD
BL2058,EISENHORN: MALLEUS (PB),15.0,USD
BL2066,HORUS HERESY: LEGACIES OF BETRAYAL (PB),11.0,USD
BL2077,THE TALON OF HORUS (PB),17.0,USD
BL2160,EISENHORN: HERETICUS (PB),15.0,USD
BL2221,HORUS HERESY: DEATHFIRE (PB),11.0,USD
BL2264,HORUS HERESY: WAR WITHOUT END (PB),11.0,USD
BL2269,LEGACY OF CALIBAN: THE OMNIBUS (PB),22.0,USD
BL2299,PRIMARCHS: LEMAN RUSS: THE GREAT WOLF HB,20.0,USD
BL2326,PRIMARCHS: MAGNUS THE RED (HB),20.0,USD
BL2333,AHRIMAN: THE OMNIBUS (PB),22.0,USD
BL2336,HORUS HERESY: PHAROS (PB),11.0,USD
BL2343,HORUS HERESY: EYE OF TERRA (PB),11.0,USD
BL2353,PRIMARCHS: PERTURABO,20.0,USD
BL2369,HORUS HERESY: PATH OF HEAVEN (PB),11.0,USD
BL2370,KINGSBLADE (PB),17.0,USD
BL2388,HORUS HERESY: THE SILENT WAR (PB),11.0,USD
BL2398,DEATHWATCH: THE OMNIBUS (PB),22.0,USD
BL2401,DEVASTATION OF BAAL (PB),17.0,USD
BL2409,HORUS HERESY: ANGELS OF CALIBAN (PB),11.0,USD
BL2410,FABIUS BILE: PRIMOGENITOR (PB),17.0,USD
BL2411,GAUNT'S GHOSTS: THE FOUNDING (PB),22.0,USD
BL2415,FARSIGHT: CRISIS OF FAITH (PB),17.0,USD
BL2423,GAUNT'S GHOSTS: THE SAINT OMNIBUS (PB),22.0,USD
BL2429,HORUS HERESY: PRAETORIAN OF DORN (PB),11.0,USD
BL2430,SHROUD OF NIGHT (PB),17.0,USD
BL2433,EISENHORN: THE MAGOS (PB),18.0,USD
BL2435,S/M CONQUESTS: ASHES OF PROSPERO (PB),17.0,USD
BL2437,CADIA STANDS (PB),17.0,USD
BL244,HH: THE FIRST HERETIC (PB),10.0,USD
BL2452,HORUS HERESY: CORAX (PB),11.0,USD
BL2454,GAUNT'S GHOSTS: THE LOST (OMNIBUS) (PB),22.0,USD
BL2456,VAULTS OF TERRA: THE CARRION THRONE (PB),17.0,USD
BL2460,GHOST WARRIOR: RISE OF THE YNNARI (PB),17.0,USD
BL2480,S/MARINE CONQUESTS: WAR OF SECRETS (PB),17.0,USD
BL2482,HORUS HERESY: THE MASTER OF MANKIND,11.0,USD
BL2488,BLACK LEGION (PB),17.0,USD
BL2516,HORUS HERESY: GARRO (PB),11.0,USD
BL2520,WATCHERS/THRONE: THE EMPEROR'S LEGION PB,17.0,USD
BL2522,C/CAIN: SAVIOUR OF THE IMPERIUM (PB),22.0,USD
BL2544,HORUS HERESY: SHADOWS OF TREACHERY (PB),10.0,USD
BL2568,HORUS HERESY: SHATTERED LEGIONS (PB),11.0,USD
BL2589,GAUNT'S GHOSTS: THE WARMASTER (PB),17.0,USD
BL2590,GAUNT'S GHOSTS: THE VICTORY (PT1) (PB),19.0,USD
BL2601,HORUS HERESY: THE CRIMSON KING (PB),11.0,USD
BL2605,THE URIEL VENTRIS CHRONICLES: VOL 1 (PB),22.0,USD
BL2607,BLOOD ANGELS: COMPLETE RAFEN OMNIBUS PB,22.0,USD
BL2621,THE LORDS OF SILENCE (PB),17.0,USD
BL2623,HORUS HERESY: TALLARN (PB),11.0,USD
BL2625,WARPED GALAXIES: ATTACK OF THE NECRON PB,10.0,USD
BL2629,CIAPHAS CAIN: CHOOSE YOUR ENEMIES (PB),17.0,USD
BL2652,HORUS HERESY: RUINSTORM (PB),11.0,USD
BL2662,PRIMARCHS: ANGRON: SLAVE OF NUCERIA (HB),20.0,USD
BL2663,BLACKSTONE FORTRESS (PB),17.0,USD
BL2666,W/GALAXIES:CLAWS OF THE GENESTEALER (PB),10.0,USD
BL2688,KNIGHTS OF MACRAGGE (PB),17.0,USD
BL2692,BELISARIUS CAWL: THE GREAT WORK (PB),17.0,USD
BL2694,SEPULTURUM (HB),20.0,USD
BL2695,SAGAS OF THE SPACE WOLVES (PB),22.0,USD
BL2699,DAWN OF FIRE: AVENGING SON (PB),17.0,USD
BL2701,HORUS HERESY: OLD EARTH (PB),11.0,USD
BL2702,DOUBLE EAGLE (PB),17.0,USD
BL2711,HONOURBOUND (PB),17.0,USD
BL2716,RAVENOR: THE OMNIBUS (PB),22.0,USD
BL2723,THE URIEL VENTRIS CHRONICLES: VOL 2 (PB),22.0,USD
BL2727,HH SOT: THE LOST AND THE DAMNED (A5 HB),31.0,USD
BL2731,PRIMARCHS:KONRAD CURZE:THE NIGHT HAUNTER,20.0,USD
BL2739,HORUS HERESY: THE BURDEN OF LOYALTY (PB),11.0,USD
BL2740,WARPED GALAXIES: SECRETS OF THE TAU (PB),10.0,USD
BL2744,CADIAN HONOUR (PB),17.0,USD
BL275,HH: AGE OF DARKNESS (PB),10.0,USD
BL2755,DEATHWATCH: SHADOWBREAKER (PB),17.0,USD
BL2758,THE HOUSE OF NIGHT AND CHAIN (PB),17.0,USD
BL2762,SPEAR OF THE EMPEROR (PB),17.0,USD
BL2763,HORUS HERESY: BORN OF FLAME (PB),11.0,USD
BL2768,LORDS AND TYRANTS (PB),17.0,USD
BL2769,DEATHWATCH (PB),17.0,USD
BL2787,THE GREAT DEVOURER: LEVIATHAN OMNI. (PB),19.0,USD
BL2791,WARPED GALAXIES: WAR OF THE ORKS (PB),10.0,USD
BL2796,THE OUBLIETTE (HB),20.0,USD
BL2797,HAMMER OF THE EMPEROR OMNIBUS (PB),19.0,USD
BL2801,HORUS HERESY: S.O.T: THE FIRST WALL (HB),31.0,USD
BL2803,HORUS HERESY: HERALDS OF THE SIEGE (PB),11.0,USD
BL2804,VALDOR: BIRTH OF THE IMPERIUM (HB),20.0,USD
BL2809,GAUNT'S GHOSTS: ANARCH (PB),17.0,USD
BL2810,VAULTS OF TERRA: THE HOLLOW MOUNTAIN PB,17.0,USD
BL2812,HH: S.O.T: SONS OF THE SELENAR (HB),28.0,USD
BL2813,LION EL'JONSON: LORD OF THE FIRST (HB),20.0,USD
BL2815,B/STONE FORTRESS:VAULTS OF OBSIDIAN (PB),17.0,USD
BL2818,HORUSIAN WARS: DIVINATION (PB),17.0,USD
BL2819,WARHAMMER 40000: INDOMITUS (HB),28.0,USD
BL2822,INFERNO! VOLUME 5 (PB),17.0,USD
BL2823,HORUS HERESY: S.O.T.: SATURNINE (HB),31.0,USD
BL2825,MARK OF FAITH (PB),17.0,USD
BL2826,MEPHISTON: CITY OF LIGHT (PB),17.0,USD
BL2830,HORUS HERESY: TITANDEATH (PB),11.0,USD
BL2833,SCIONS OF THE EMPEROR:AN ANTHOLOGY (HB),22.0,USD
BL2834,AHRIMAN: EXILE (PB),17.0,USD
BL2837,RITES OF PASSAGE (PB),17.0,USD
BL2839,CIAPHAS CAIN:OLD SOLDIERS NEVER DIE (HB),18.0,USD
BL2843,HORUS HERESY: THE BURIED DAGGER (PB),11.0,USD
BL2845,BLACK LIBRARY THE ART OF WARHAMMER 40000,51.0,USD
BL2846,TRAITOR BY DEED (HB),10.0,USD
BL2848,NEXUS & OTHER STORIES (PB) (GW-COVER),9.0,USD
BL2851,WARHAMMER CRIME: BLOODLINES (PB),17.0,USD
BL2852,HORUS HERESY:S.O.T: THE SOLAR WAR (PB),11.0,USD
BL2858,WARHAMMER CRIME: NO GOOD MEN (PB),17.0,USD
BL2859,FARSIGHT: EMPIRE OF LIES (PB),17.0,USD
BL2861,WATCHERS/THRONE:THE REGENT'S SHADOW (PB),17.0,USD
BL2868,PRISONERS OF WAAAGH! (HB),10.0,USD
BL2869,THE ROSE IN ANGER (HB),10.0,USD
BL2871,LAST CHANCERS: ARMAGEDDON SAINT (PB),17.0,USD
BL2873,DEATHWATCH: THE LONG VIGIL (HB),28.0,USD
BL2881,EPHRAEL STERN: THE HERETIC SAINT (HB),20.0,USD
BL2882,SIEGE OF TERRA: FURY OF MAGNUS (HB),28.0,USD
BL2884,DAWN OF FIRE: THE GATE OF BONES (PB),17.0,USD
BL2888,LORD OF THE DARK MILLENNIUM (PB),19.0,USD
BL2893,URIEL VENTRIS: THE SWORDS OF CALTH (HB),20.0,USD
BL2907,W/GALAXIES: PLAGUE OF THE NURGLINGS (PB),10.0,USD
BL2913,BEQUIN: PENITENT (HB),28.0,USD
BL2914,BEQUIN: PARIAH (HB),28.0,USD
BL299,HORUS HERESY: THE OUTCAST DEAD (PB),10.0,USD
BL320,HORUS HERESY: KNOW NO FEAR (PB),10.0,USD
BL363,HORUS HERESY: FEAR TO TREAD (PB),11.0,USD
BL402,CIAPHAS CAIN: HERO OF THE IMPERIUM,19.0,USD
BL876,HORUS HERESY: ANGEL EXTERMINATUS (PB),11.0,USD
111-02-03,WARCRY: BATTLEPLAN CARDS (SPANISH),19.0,USD
111-02-60,WARCRY: BATTLEPLAN CARDS (ENGLISH),19.0,USD
111-03,WARCRY: CORVUS CABAL,51.0,USD
111-04,WARCRY: CYPHER LORDS,51.0,USD
111-12,WARCRY: THE UNMADE,51.0,USD
111-13,WARCRY: THE SPLINTERED FANG,51.0,USD
111-19,WARCRY: UNTAMED BEASTS,51.0,USD
111-20,WARCRY: IRON GOLEM,51.0,USD
111-21,WARCRY: CHAOTIC BEASTS,46.0,USD
111-23,AGE OF SIGMAR: WARCRY CORE BOOK (ENG),41.0,USD
111-23,AGE OF SIGMAR: WARCRY CORE BOOK (SPA),41.0,USD
111-25,WARCRY: OGROID MYRMIDON,41.0,USD
111-26,WARCRY: SPIRE TYRANTS,51.0,USD
111-27,WARCRY: SCIONS OF THE FLAME,56.0,USD
111-31,WARCRY: SHATTERD STORMVAULT,91.0,USD
111-32,WARCRY: DEFILED RUINS,91.0,USD
111-33,WARCRY: SOULDRAIN FOREST,101.0,USD
111-36,WARCRY: FOMOROID CRUSHER,41.0,USD
111-37,WARCRY: MINDSTEALER SPHIRANX,41.0,USD
111-38,WARCRY: TOME OF CHAMPIONS 2020 (ENG),36.0,USD
111-38,WARCRY: TOME OF CHAMPIONS 2020 (SPANISH),36.0,USD
111-39,WARCRY: SENTINELS OF ORDER (SPANISH),36.0,USD
111-39,WARCRY: SENTINELS OF ORDER (ENGLISH),36.0,USD
111-40,WARCRY: AGENTS OF CHAOS (SPANISH),36.0,USD
111-40,WARCRY: AGENTS OF CHAOS (ENGLISH),36.0,USD
111-65,WARCRY: SYLVANETH,76.0,USD
111-66,WARCRY: LEGIONS OF NAGASH,61.0,USD
111-68,WARCRY: CATACOMBS (ENGLISH),212.0,USD
111-68,WARCRY: CATACOMBS (SPANISH),212.0,USD
111-69,WARCRY: KHAINITE SHADOWSTALKERS,56.0,USD
111-70,WARCRY CATACOMBS BOARD PACK,56.0,USD
111-72,WARCRY: BRINGERS OF DEATH (ENGLISH),26.0,USD
111-72,WARCRY: BRINGERS OF DEATH (SPANISH),26.0,USD
111-73,WARCRY: AGENTS OF CHAOS DICE,28.0,USD
111-74,WARCRY: BRINGERS OF DEATH DICE,28.0,USD
111-75,WARCRY: HARBINGERS OF DESTRUCTION DICE,28.0,USD
111-76,WARCRY: SENTINELS OF ORDER DICE,28.0,USD
111-77,WARCRY: HARBINGERS OF DESTRUCTION (ENG),26.0,USD
111-77,WARCRY: HARBINGERS OF DESTRUCTION (SPA),26.0,USD
60-09-60,N/HAUNT PAINT SET+ ENG/SPA/PORT/LAT/ROM,36.0,USD
60-10-60,S/CAST PAINT SET+ ENG/SPA/PORT/LATV/ROM,36.0,USD
64-02,AGE OF SIGMAR HERO BASES,36.0,USD
64-06,REALM OF BATTLE: SHATTERED DOMINION,333.0,USD
64-14,AGE OF SIGMAR: AZYRITE SHATTERED PLAZA,81.0,USD
64-15,AGE OF SIGMAR: AZYRITE RUINED CHAPEL,61.0,USD
64-49,SIGMARITE MAUSOLEUM,99.0,USD
64-66,REALM OF BATTLE: BLASTED HALLOWHEART,97.0,USD
64-72,AGE OF SIGMAR: AZYRITE RUINS,39.0,USD
64-75,AGE OF SIGMAR: AZYRITE TOWNSCAPE,60.0,USD
64-83,DOMINION OF SIGMAR: SHATTERED TEMPLE,50.0,USD
64-84,DOMINION OF SIGMAR: SIGMARITE DAIS,66.0,USD
64-86,DOMINION SIGMAR: THE ENDURING STORMVAULT,170.0,USD
64-87,DOMINION OF SIGMAR: TIMEWORN RUINS,49.0,USD
64-89,ENDLESS SPELLS: HEDONITES OF SLAANESH,37.0,USD
64-90,FANE OF SLAANESH,39.0,USD
65-16,AGE OF SIGMAR: OBJECTIVE MARKERS,41.0,USD
66-96,AOS: SHATTERED DOMINION: 25 & 32MM ROUND,36.0,USD
66-97,AOS: SHATTERED DOMINION: 65 & 40MM ROUND,36.0,USD
66-98,AOS: SHATTERED DOMINION: 60 & 90MM OVAL,36.0,USD
66-99,AOS SHATTERED DOMINION LARGE BASE DETAIL,36.0,USD
70-57,START COLLECTING! GLOOMSPITE GITZ,96.0,USD
70-61,START COLLECTING! DAUGHTERS OF KHAINE,91.0,USD
70-62,START COLLECTING! ANVILGARD,101.0,USD
70-71,START COLLECTING! GREYWATER FASTNESS,101.0,USD
70-72,START COLLECTING! SKINKS,101.0,USD
70-78,START COLLECTING! IDONETH DEEPKIN,91.0,USD
70-79,START COLLECTING! BEASTS OF CHAOS,96.0,USD
70-80,START COLLECTING! KHARADRON OVERLORDS,96.0,USD
70-81,START COLLECTING! GOREBLADE WARBAND,86.0,USD
70-83,START COLLECTING! SLAVES TO DARKNESS,96.0,USD
70-85,START COLLECTING! FYRESLAYERS,96.0,USD
70-86,START COLLECTING! BEASTCLAW RAIDERS,91.0,USD
70-87,START COLLECTING! STORMCAST VANGUARD,96.0,USD
70-88,START COLLECTING! SERAPHON,91.0,USD
70-89,START COLLECTING! IRONJAWZ,96.0,USD
70-90,START COLLECTING! SKAVEN PESTILENS,91.0,USD
70-92,START COLLECTING! SYLVANETH,91.0,USD
70-93,START COLLECTING! MALIGNANTS,91.0,USD
70-94,START COLLECTING! SKELETON HORDE,91.0,USD
70-95,START COLLECTING! FLESH-EATER COURTS,91.0,USD
70-99,START COLLECTING! T/STRIKE BROTHERHOOD,86.0,USD
71-08,ETB CASTIGATORS WITH GRYPH-HOUND,16.0,USD
71-09,ETB: STORMCAST ETERNALS SEQUITORS,16.0,USD
71-10,ETB NIGHTHAUNT GLAIVEWRAITH STALKERS,16.0,USD
71-11,ETB: NIGHTHAUNT MYRMOURN BANSHEES,16.0,USD
71-12,ETB ASTREIA SOLBRIGHT LORD-ARCANUM,41.0,USD
71-13,ETB: NIGHTHAUNT REIKENOR THE GRIMHAILER,41.0,USD
71-14,ETB: NIGHTHAUNT CHAINRASP HORDES,41.0,USD
71-15,ETB: NIGHTHAUNT DREADBLADE HARROWS,26.0,USD
71-16,ETB:STORMCAST ETERNALS CELESTAR BALLISTA,26.0,USD
80-01-03,AGE OF SIGMAR: SOUL WARS (SPANISH),162.0,USD
80-01-60,AGE OF SIGMAR: SOUL WARS (ENGLISH),162.0,USD
80-02-03,WARHAMMER: AGE OF SIGMAR CORE BOOK (SPA),61.0,USD
80-02-60,WARHAMMER: AGE OF SIGMAR CORE BOOK (ENG),61.0,USD
80-05,SOUL WARS: WRATH OF THE EVERCHOSEN (SPA),51.0,USD
80-05,SOUL WARS: WRATH OF THE EVERCHOSEN (ENG),51.0,USD
80-14,AOS: GENERAL'S HANDBOOK 2020 (ENGLISH),36.0,USD
80-14,AOS: GENERAL'S HANDBOOK 2020 (SPANISH),36.0,USD
80-15-03,AGE OF SIGMAR: STORM STRIKE (SPANISH),41.0,USD
80-15-60,AGE OF SIGMAR: STORM STRIKE (ENG),41.0,USD
80-16,GETTING STARTED WITH AGE OF SIGMAR (SPA),9.0,USD
80-16,GETTING STARTED WITH AGE OF SIGMAR (ENG),9.0,USD
80-17-60,AOS PAINTS+TOOLS ENG/SPA/PORT/LATV/ROM,41.0,USD
80-19,AGE OF SIGMAR: TEMPEST OF SOULS (ENG),81.0,USD
80-19,AGE OF SIGMAR: TEMPEST OF SOULS (SPA),81.0,USD
80-27-03,AGE OF SIGMAR: MALIGN SORCERY (SPANISH),81.0,USD
80-27-60,AGE OF SIGMAR: MALIGN SORCERY (ENGLISH),81.0,USD
80-31,AGE OF SIGMAR: FORBIDDEN POWER (ENG),99.0,USD
80-31,AGE OF SIGMAR: FORBIDDEN POWER (SPA),99.0,USD
80-33,AGE OF SIGMAR: GAMING BOOK (ENGLISH),36.0,USD
80-34,BROKEN REALMS: MORATHI (ABR./HB) (SPA),36.0,USD
80-34,BROKEN REALMS: MORATHI (HB) (ENGLISH),41.0,USD
80-37,AGE OF SIGMAR: SHADOW AND PAIN (ENG),172.0,USD
80-37,AGE OF SIGMAR: SHADOW AND PAIN (SPA),172.0,USD
81-01-03,B/TOME: BEASTS OF CHAOS (SB) (ABR.) SPA,26.0,USD
81-01-60,BATTLETOME: BEASTS OF CHAOS (HB) (ENG),41.0,USD
81-03,BEASTS OF CHAOS HERDSTONE,41.0,USD
81-08,BRAYHERDS GORS,35.0,USD
83-01-03,B/TOME: BLADES OF KHORNE (ABR.) (SB) SPA,26.0,USD
83-01-60,BATTLETOME: BLADES OF KHORNE (HB) (ENG),41.0,USD
83-02,B/TOME: SLAVES TO DARKNESS (HB/ABR) SPA,36.0,USD
83-02,BATTLETOME: SLAVES TO DARKNESS (HB) ENG,41.0,USD
83-06,CHAOS WARRIORS,55.0,USD
83-10,CHAOS SPAWN,46.0,USD
83-20,KHORNE BLOODBOUND WRATHMONGERS,58.0,USD
83-23,DAEMON PRINCE,46.0,USD
83-24,KHORNE BLOODBOUND BLOOD WARRIORS,63.0,USD
83-25,NURGLE ROTBRINGERS THE GLOTTKIN,116.0,USD
83-28,NURGLE ROTBRINGERS PUTRID BLIGHTKINGS,58.0,USD
83-29,KHORNE BLOODBOUND BLOODREAVERS,59.0,USD
83-32,NURGLE ROTBRINGERS LORD OF PLAGUES,16.0,USD
83-45,B/TOME: DISCIPLES OF TZEENTCH (HB) ENG,41.0,USD
83-45,B/TOME:DISCIPLES OF TZEENTCH (HB/ABR) SP,36.0,USD
83-49,NURGLE ROTBRINGERS LORD OF BLIGHTS,31.0,USD
83-50,EVERCHOSEN ARCHAON EXALTED GRAND MARSHAL,167.0,USD
83-51,EVERCHOSEN VARANGUARD KNIGHTS OF RUIN,101.0,USD
83-54,START COLLECTING! MAGGOTKIN OF NURGLE,96.0,USD
83-55,BLADES OF KHORNE: JUDGEMENTS OF KHORNE,36.0,USD
83-56,BLADES OF KHORNE: SKULL ALTAR,39.0,USD
83-58-03,B/TOME: MAGGOTKIN OF NURGLE ABR. SB SPA,26.0,USD
83-58-60,BATTLETOME: MAGGOTKIN OF NURGLE (HB) ENG,41.0,USD
83-65,ENDLESS SPELLS: SLAVES TO DARKNESS,39.0,USD
83-71,WARSCROLLS: HEDONITES OF SLAANESH (ENG),26.0,USD
83-71,WARSCROLLS: HEDONITES OF SLAANESH (SPA),26.0,USD
83-72,B/TOME: HEDONITES OF SLAANESH (ABR.) SPA,36.0,USD
83-72,BATTLETOME: HEDONITES OF SLAANESH (ENG),41.0,USD
83-73,TZEENTCH ARCANITES KAIRIC ACOLYTES,51.0,USD
83-74,TZEENTCH ARCANITES TZAANGOR ENLIGHTENED,49.0,USD
83-75,TZEENTCH ARCANITES TZAANGORS,45.0,USD
83-76,TZEENTCH ARCANITES TZAANGOR SHAMAN,36.0,USD
83-79,BROKEN REALMS: GRESH'S IRON REAPERS,91.0,USD
83-82,GLUTOS ORSCOLLION LORD OF GLUTTONY,116.0,USD
83-83,HEDONITES OF SLAANESH: BLISSBARB ARCHERS,51.0,USD
83-84,HEDONITES: SIGVALD PRINCE OF SLAANESH,56.0,USD
83-85,ENDLESS SPELLS: DISCIPLES OF TZEENTCH,39.0,USD
83-86,HEDONITES OF SLAANESH:SLICKBLADE SEEKERS,66.0,USD
83-87,HEDONITES OF SLAANESH: LORD OF PAIN,31.0,USD
83-88,HEDONITES: SHARDSPEAKER OF SLAANESH,31.0,USD
83-89,HEDONITES: SLAANGOR FIENDBLOODS,51.0,USD
83-90,HEDONITES: MYRMIDESH PAINBRINGERS,61.0,USD
83-94,HEDONITES OF SLAANESH DICE SET,36.0,USD
84-01-03,BATTLETOME: FYRESLAYERS (ABR.) (SB) SPA,26.0,USD
84-01-60,BATTLETOME: FYRESLAYERS (HB) (ENGLISH),41.0,USD
84-02,B/TOME: KHARADRON OVERLORDS (HB/ABR) SPA,36.0,USD
84-02,BATTLETOME: KHARADRON OVERLORDS (HB) ENG,41.0,USD
84-24,FYRESLAYERS HEARTHGUARD,46.0,USD
84-25,FYRESLAYERS VULKITE BERZERKERS,61.0,USD
84-27,FYRESLAYERS MAGMIC INVOCATIONS,36.0,USD
84-30,BROKK GRUNGSSON LORD-MAGNATE BARAK-NAR,41.0,USD
84-35,KHARADRON OVERLORDS ARKANAUT COMPANY,51.0,USD
84-36,KHARADRON OVERLORDS SKYRIGGERS,45.0,USD
84-37,KHARADRON OVERLORDS GRUNDSTOK THUNDERERS,45.0,USD
84-39,KHARADRON OVERLORDS ARKANAUT FRIGATE,81.0,USD
84-40,KHARADRON OVERLORDS ARKANAUT IRONCLAD,124.0,USD
84-42,KHARADRON ENDRINMASTER IN DIRIGIBLE SUIT,36.0,USD
85-05,B/TOME: DAUGHTERS OF KHAINE HB/ABR. SPA,36.0,USD
85-05,BATTLETOME: DAUGHTERS OF KHAINE (ENG),41.0,USD
85-10,DAUGHTERS OF KHAINE WITCH AELVES,61.0,USD
85-18,DAUGHTERS OF KHAINE MORATHI,139.0,USD
85-19,DAUGHTERS OF KHAINE KHINERAI,54.0,USD
85-20,DAUGHTERS OF KHAINE MELUSAI,55.0,USD
85-22,ENDLESS SPELLS: DAUGHTERS OF KHAINE,36.0,USD
85-23,DAUGHTERS OF KHAINE DICE SET,36.0,USD
85-34,DARK ELF SUPREME SORCERESS,16.0,USD
86-47,B/TOME: CITIES OF SIGMAR (SB) (ABR.) SPA,26.0,USD
86-47,BATTLETOME: CITIES OF SIGMAR (HB) (ENG),41.0,USD
87-01-03,BATTLETOME: IDONETH DEEPKIN (ABR) SB SPA,26.0,USD
87-01-60,BATTLETOME: IDONETH DEEPKIN (HB) (ENG),41.0,USD
87-03,WARSCROLL CR: LUMINETH REALM-LORDS (SPA),26.0,USD
87-04,B/TOME:LUMINETH REALM-LORDS (ABR/HB) SPA,36.0,USD
87-04,BATTLETOME:LUMINETH REALM-LORDS (HB) ENG,41.0,USD
87-10,LUMINETH REALM-LORDS: SCINARI CATHALLAR,31.0,USD
87-18,HIGH ELF SHADOW WARRIORS,51.0,USD
87-26,IDONETH DEEPKIN: ISHARANN SOULSCRYER,31.0,USD
87-27,IDONETH DEEPKIN: ISHARANN TIDECASTER,31.0,USD
87-28,VOLTURNOS HIGH KING OF THE DEEP,49.0,USD
87-30,IDONETH DEEPKIN: NAMARTI REAVERS,51.0,USD
87-31,LOTANN WARDEN OF THE SOUL LEDGERS,36.0,USD
87-32,IDONETH DEEPKIN: EIDOLON OF MATHLANN,126.0,USD
87-33,IDONETH DEEPKIN: AKHELIAN LEVIADON,124.0,USD
87-34,IDONETH DEEPKIN: AKHELIAN GUARD,51.0,USD
87-35,IDONETH DEEPKIN: AKHELIAN ALLOPEX,46.0,USD
87-36,BROKEN REALMS: THE BLOODSURF HUNT,91.0,USD
87-53,LUMINETH REALM-LORDS: ARCHMAGE TECLIS,172.0,USD
87-54,LUMINETH REALM-LORDS: ALARITH STONEGUARD,61.0,USD
87-55,LUMINETH REALM-LORDS: ALARITH STONEMAGE,41.0,USD
87-56,LUMINETH: AVALENOR THE STONEHEART KING,111.0,USD
87-57,LUMINETH R-LORDS: THE LIGHT OF ELTHARION,41.0,USD
87-58,LUMINETH R-LDS: VANARI AURALAN SENTINELS,61.0,USD
87-59,LUMINETH R-LORDS: VANARI AURALAN WARDENS,61.0,USD
87-60,LUMINETH REALM-LORDS: VANARI DAWNRIDERS,61.0,USD
87-64,ENDLESS SPELLS: LUMINETH REALM-LORDS,36.0,USD
88-01,BATTLETOME: SERAPHON (HB) (ENGLISH),41.0,USD
88-01,BATTLETOME: SERAPHON (HB/ABR.) (SPANISH),36.0,USD
88-03,SERAPHON REALMSHAPER ENGINE,61.0,USD
88-07,SERAPHON SKINKS,39.0,USD
88-12,SERAPHON SAURUS GUARD,56.0,USD
88-16,SKINK STARPRIEST,30.0,USD
89-01,BATTLETOME: ORRUK WARCLANS (SB/ABR.) SPA,26.0,USD
89-01,BATTLETOME: ORRUK WARCLANS (HB) (ENG),41.0,USD
89-07,GLOOMSPITE GITZ GROTS,39.0,USD
89-08,MOONCLAN SNAZZGAR STINKMULLETT,37.0,USD
89-19,BONESPLITTERZ SAVAGE ORRUKS,55.0,USD
89-20,BONESPLITTERZ SAVAGE BOARBOYS,55.0,USD
89-21,IRONJAWZ ORRUK ARDBOYZ,58.0,USD
89-25,IRONJAWZ ORRUK MAW-KRUSHA,116.0,USD
89-26,IRONJAWZ ORRUK MEGABOSS,41.0,USD
89-27,IRONJAWZ ORRUK WEIRDNOB SHAMAN,34.0,USD
89-29,IRONJAWZ ORRUK BRUTES,55.0,USD
89-33,GLOOMSPITE GITZ ROCKGUT TROGGOTHS,61.0,USD
89-35,G/SPTE GITZ LOONBOSS ON GIANT CAVE SQUIG,36.0,USD
89-36,GLOOMSPITE GITZ: BAD MOON LOONSHRINE,61.0,USD
89-37,GLOOMSPITE GITZ SNEAKY SNUFFLERS,41.0,USD
89-38,ENDLESS SPELLS: GLOOMSPITE GITZ,37.0,USD
89-44,GLOOMSPITE GITZ SQUIG HOPPERS,51.0,USD
89-45,GLOOMSPITE GITZ SKRAGROTT THE LOONKING,37.0,USD
89-46,GLOOMSPITE GITZ MANGLER SQUIGS,81.0,USD
89-48,GLOOMSPITE GITZ SQUIG HERD,46.0,USD
89-50,GLOOMSPITE GITS DANKHOLD TROGGOTH,66.0,USD
89-58,GLOOMSPITE GITZ LOONBOSS,31.0,USD
89-63-03,BATTLETOME: GLOOMSPITE GITZ (ABR.) (SPA),26.0,USD
89-63-60,BATTLETOME: GLOOMSPITE GITZ (HB) (ENG),41.0,USD
90-06,SKAVEN CLANRATS,39.0,USD
90-12,SKAVEN PESTILENS PLAGUE MONKS,39.0,USD
90-17,SKAVEN STORMFIENDS,66.0,USD
90-21,SKAVEN PESTILENS VERMINLORD CORRUPTOR,109.0,USD
90-24-03,BATTLETOME: SKAVEN (ABR.) (PB) (SPA),26.0,USD
90-24-60,BATTLETOME: SKAVEN (HB) (ENGLISH),41.0,USD
90-25,SKAVEN WARLOCK BOMBARDIER,31.0,USD
90-26,SKAVEN GNAWHOLES,56.0,USD
90-27,ENDLESS SPELLS: SKAVEN,37.0,USD
91-04-03,B/TOME: LEGIONS OF NAGASH (ABR.) (SB) SP,26.0,USD
91-04-60,BATTLETOME: LEGIONS OF NAGASH (HB) (ENG),41.0,USD
91-06,DEATHRATTLE SKELETON WARRIORS,35.0,USD
91-07,DEADWALKERS ZOMBIES,39.0,USD
91-11,DEATHRATTLE GRAVE GUARD,45.0,USD
91-12,FLESH-EATER COURTS CRYPT GHOULS,41.0,USD
91-13,FLESH-EATER COURTS CRYPT FLAYERS,51.0,USD
91-14-03,BATTLETOME: NIGHTHAUNT (ABR.) (SB) (SPA),26.0,USD
91-14-60,BATTLETOME: NIGHTHAUNT (HB) (ENGLISH),41.0,USD
91-19,NIGHTHAUNT KELDREK: KNIGHT OF SHROUDS,36.0,USD
91-21,ENDLESS SPELLS: NIGHTHAUNT,37.0,USD
91-22,NIGHTHAUNT BLACK COACH,124.0,USD
91-23,NIGHTHAUNT CRAWLOCKE THE JAILOR,41.0,USD
91-24,KURDOSS VALENTIAN THE CRAVEN KING,46.0,USD
91-25,NIGHTHAUNT LADY OLYNDER,46.0,USD
91-26,NIGHTHAUNT GRIMGHAST REAPERS,46.0,USD
91-27,NIGHTHAUNT BLADEGHEIST REVENANTS,46.0,USD
91-28,NIGHTHAUNT DREADSCYTHE HARRIDANS,46.0,USD
91-29-03,B/TOME: FLESH-EATER COURTS (ABR)(PB) SPA,26.0,USD
91-29-60,BATTLETOME: FLESH-EATER COURTS (HB) ENG,41.0,USD
91-31,DEATHRATTLE WIGHT KING,16.0,USD
91-32,NIGHTHAUNT CAIRN WRAITH,16.0,USD
91-33,NIGHTHAUNT: TOMB BANSHEE,16.0,USD
91-34,DEATHMAGES NECROMANCER,16.0,USD
91-35,NIGHTHAUNT LIEKORON THE EXECUTIONER,35.0,USD
91-37,FLESH-EATER COURTS ABHORRANT ARCHREGENT,31.0,USD
91-38,FLESH-EATER COURTS CHARNEL THRONE,39.0,USD
92-01-03,BATTLETOME: SYLVANETH (SB) (ABR.) (SPA),26.0,USD
92-01-60,BATTLETOME: SYLVANETH (HB) (ENGLISH),41.0,USD
92-06,SYLVANETH DRYADS,46.0,USD
92-07,SYLVANETH TREELORD,66.0,USD
92-12,SYLVANETH ALARIELLE THE EVERQUEEN,139.0,USD
92-13,SYLVANETH KURNOTH HUNTERS,59.0,USD
92-14,SYLVANETH TREE-REVENANTS,45.0,USD
92-15,SYLVANETH DRYCHA HAMADRETH,61.0,USD
92-19,SYLVANETH DRUANTI THE ARCH-REVENANT,36.0,USD
92-21,AGE OF SIGMAR: AWAKENED WYLDWOOD,55.0,USD
92-22,ENDLESS SPELLS: SYLVANETH,39.0,USD
93-01,BATTLETOME: SONS OF BEHEMAT (HB) (ENG),41.0,USD
93-01,BATTLETOME: SONS OF BEHEMAT (HB) (SPA),41.0,USD
93-02,SONS OF BEHEMAT: MEGA-GARGANT,197.0,USD
93-03,SONS OF BEHEMAT: MANCRUSHER GARGANTS,126.0,USD
93-05,DEATHLORDS NAGASH SUPREME LORD OF UNDEAD,122.0,USD
93-07,DEATHLORDS MORGHASTS,61.0,USD
93-08,NIGHTHAUNT SPIRIT HOSTS,29.0,USD
94-01,B/TOME: OSSIARCH BONEREAPERS (HB) ENG,41.0,USD
94-01,B/TOME: OSSIARCH BONEREAPERS (HB/ABR) SP,36.0,USD
94-20,VOKMORTIAN MASTER OF THE BONE-TITHE,31.0,USD
94-21,OSSIARCH BONEREAPERS MORTISAN SOULREAPER,31.0,USD
94-22,OSSIARCH BONEREAPERS MORTISAN BONESHAPER,31.0,USD
94-23,OSSIARCH BONEREAPERS NECROPOLIS STALKERS,51.0,USD
94-24,OSSIARCH BONEREAPERS MORTISAN SOULMASON,37.0,USD
94-25,OSSIARCH BONEREAPERS MORTEK GUARD,61.0,USD
94-26,OSSIARCH BONEREAPERS MORTEK CRAWLER,81.0,USD
94-27,OSSIARCH BONEREAPERS KAVALOS DEATHRIDERS,61.0,USD
94-28,KATAKROS MORTARCH OF THE NECROPOLIS,111.0,USD
94-29,OSSIARCH BONEREAPERS GOTHIZZAR HARVESTER,51.0,USD
94-30,ARCH-KAVALOS ZANDTOS DARK LANCE OF OSSIA,51.0,USD
94-32,OSSIARCH BONEREAPERS: BONE-TITHE NEXUS,59.0,USD
95-03,BATTLETOME: OGOR MAWTRIBES (HB/ABR.) SPA,36.0,USD
95-03,BATTLETOME: OGOR MAWTRIBES (HB) (ENG),41.0,USD
95-06,GUTBUSTERS OGORS,49.0,USD
95-11,OGOR MAWTRIBES: TYRANT,36.0,USD
96-01-03,B/TOME: S/CAST ETERNALS (ABR.) (SB) SPA,26.0,USD
96-01-60,BATTLETOME: STORMCAST ETERNALS (HB) ENG,41.0,USD
96-10,STORMCAST ETERNALS LIBERATORS,63.0,USD
96-11,STORMCAST ETERNALS JUDICATORS,63.0,USD
96-12,STORMCAST ETERNALS PALADINS,59.0,USD
96-14,STORMCAST ETERNALS LORD-CASTELLANT,41.0,USD
96-17,STORMCAST ETERNALS KNIGHT-AZYROS,41.0,USD
96-23,STORMCAST ETERNALS STARDRAKE,158.0,USD
96-24,STORMCAST ETERNALS DRACOTHIAN GUARD,66.0,USD
96-30,STORMCAST ETERNALS VANGUARD-RAPTORS,39.0,USD
96-31,STORMCAST ETERNALS GRYPH-HOUNDS,30.0,USD
96-34,LORD-CELESTANT GAVRIEL SUREHEART,37.0,USD
96-36,LORD-ORDINATOR VORRUS STARSTRIKE,37.0,USD
96-37,ENDLESS SPELLS: STORMCAST ETERNALS,37.0,USD
96-41,S/E EVOCATORS ON CELESTIAL DRACOLINES,61.0,USD
96-42,STORMCAST ETERNALS EVOCATORS,61.0,USD
96-43,STORMCAST ETERNALS SEQUITORS,61.0,USD
96-47,BROKEN REALMS: VEN BRECHT'S BLACK WATCH,101.0,USD
BL1024,WARHAMMER CHRONICLES: THE ORION TRILOGY,19.0,USD
BL2407,AGE OF SIGMAR: PLAGUE GARDEN (PB),17.0,USD
BL2436,EIGHT LAMENTATIONS: SPEAR OF SHADOWS PB,17.0,USD
BL2557,GOTREK & FELIX: THE FIRST OMNIBUS (PB),22.0,USD
BL2563,AOS: SACROSANCT & OTHER STORIES (PB),9.0,USD
BL2609,WHC: WARRIORS OF THE CHAOS WASTES (PB),22.0,USD
BL2622,GOTREK & FELIX: THE SECOND OMNIBUS (PB),19.0,USD
BL2626,REALM QUEST: CITY OF LIFESTONE (PB),10.0,USD
BL2667,REALM QUEST: LAIR OF THE SKAVEN (PB),10.0,USD
BL2687,HEROES OF THE EMPIRE (PB),22.0,USD
BL2698,NEFERATA: THE DOMINION OF BONES (PB),17.0,USD
BL2707,SOUL WARS (PB),17.0,USD
BL2708,GOTREK & FELIX: THE THIRD OMNIBUS (ENG),22.0,USD
BL2709,REALM QUEST: FOREST OF THE ANCIENTS (PB),10.0,USD
BL2712,HAMILCAR: CHAMPION OF THE GODS (PB),17.0,USD
BL2728,BEASTGRAVE (PB),17.0,USD
BL2729,GHOULSLAYER (PB),17.0,USD
BL2742,SCOURGE OF FATE (PB),17.0,USD
BL2745,WHC:GOTREK & FELIX: THE 4TH OMNIBUS (PB),22.0,USD
BL2759,THE RED FEAST (PB),17.0,USD
BL2760,MYTHS AND REVENANTS (PB),17.0,USD
BL2761,GLOOMSPITE (PB),17.0,USD
BL2792,REALM QUEST:FLIGHT OF THE KHARADRON (PB),10.0,USD
BL2798,DARK HARVEST (PB),17.0,USD
BL2808,WARCRY THE ANTHOLOGY (PB),17.0,USD
BL2814,STORMVAULT (HB),28.0,USD
BL2824,THE COURT OF THE BLIND KING (PB),17.0,USD
BL2828,WH CHRONICLES: ELVES: THE OMNIBUS (PB),22.0,USD
BL2838,WARCRY: BLOOD OF THE EVERCHOSEN (HB),28.0,USD
BL2840,PROFIT'S RUIN (PB),17.0,USD
BL2841,HAMMERS OF ULRIC (20TH ANNIVERSARY HB),31.0,USD
BL2847,HEIRS OF GRIMNIR (AUDIOBOOK),18.0,USD
BL2856,WARHAMMER HORROR: THE REVERIE (PB),17.0,USD
BL2860,OATHS AND CONQUESTS (PB),17.0,USD
BL2863,URIEL VENTRIS BOOKMARK X5,19.0,USD
BL2872,FLESH AND STEEL (PB),17.0,USD
BL2874,WARHAMMER UNDERWORLDS: DIRECHASM (HB),28.0,USD
BL2875,BONEREAPERS (HB),10.0,USD
BL2877,GOTREK & FELIX: THE FIFTH OMNIBUS (PB),22.0,USD
BL2885,REALM QUEST: FORTRESS OF GHOSTS (PB),10.0,USD
01-01-60,MIDDLE-EARTH SBG RULES MANUAL (ENGLISH),61.0,USD
01-02-60,ARMIES OF THE LORD OF THE RINGS (ENG),61.0,USD
30-05,LOTR: BATTLE OF PELENNOR FIELDS (ENG),160.0,USD
30-06-60,M-E SBG: ARMIES OF THE HOBBIT (ENGLISH),61.0,USD
30-09-60,MIDDLE-EARTH SBG: BATTLE COMPANIES (ENG),51.0,USD
30-20,LOTR: KNIGHTS OF MINAS TIRITH,41.0,USD
30-21,WARRIORS OF MINAS TIRITH,43.0,USD
30-22,LOTR: MORDOR TROLL / ISENGARD TROLL,42.0,USD
30-24,LOTR: WAR MUMAK OF HARAD,109.0,USD
30-25,LORD OF THE RINGS:FELLOWSHIP OF THE RING,51.0,USD
30-26,THE BALROG,61.0,USD
30-27,THE HOBBIT: GREAT EAGLES,51.0,USD
30-29,URUK-HAI WARRIORS,43.0,USD
30-31,EASTERLING WARRIORS,43.0,USD
30-33,LOTR: MORDOR ORCS,43.0,USD
30-34,MORANNON ORCS,43.0,USD
30-37,THE LORD OF THE RINGS: WARG RIDERS,41.0,USD
30-38,LORD OF THE RINGS: WINGED NAZGUL,61.0,USD
30-40,GANDALF THE WHITE & PEREGRIN TOOK,41.0,USD
30-42,THORIN OAKENSHIELD & COMPANY,51.0,USD
30-44,THE THREE HUNTERS,41.0,USD
30-45,EOWYN & MERRY,41.0,USD
30-46,KING OF THE DEAD & HERALDS,41.0,USD
30-47,MIDDLE-EARTH SBG: ROHAN HOUSE,43.0,USD
30-48,M-E SBG: ROHAN WATCHTOWER & PALISADES,74.0,USD
30-49,SARUMAN THE WHITE & GRIMA,41.0,USD
30-50,EOMER MARSHAL OF THE RIDDERMARK,36.0,USD
01-05,MARK III SPACE MARINES,51.0,USD
110-02,WH UNDERWORLDS: DIRECHASM (ENGLISH),76.0,USD
110-02,WH UNDERWORLDS: DIRECHASM (SPANISH),76.0,USD
110-09,WHU: GRAND ALLIANCE ORDER DICE PACK,31.0,USD
110-10,WHU: GRAND ALLIANCE CHAOS DICE PACK,31.0,USD
110-11,WARHAMMER UNDERWORLDS: DIRECHASM DECKBOX,13.0,USD
110-63,WH UNDERWORLDS: THE GRYMWATCH (ENGLISH),34.0,USD
110-63-03,WH UNDERWORLDS: THE GRYMWATCH (SPANISH),34.0,USD
110-64,WH UNDERWORLDS: RIPPA'S SNARLFANGS (SPA),34.0,USD
110-64,WH UNDERWORLDS: RIPPA'S SNARLFANGS (ENG),34.0,USD
110-73,WHU: CHAMPIONS OF DREADFANE (SPANISH),59.0,USD
110-73,WHU: CHAMPIONS OF DREADFANE (ENGLISH),59.0,USD
110-76,WH UNDERWORLDS: BEASTGRAVE PRIMAL LAIR,37.0,USD
110-81,WH UNDERWORLDS: THE WURMSPAT (SPANISH),34.0,USD
110-81,WH UNDERWORLDS: THE WURMSPAT (ENGLISH),34.0,USD
110-82,WHU: HROTHGORN'S MANTRAPPERS (ENGLISH),34.0,USD
110-82,WHU: HROTHGORN'S MANTRAPPERS (SPANISH),34.0,USD
110-88,WH UNDERWORLDS: MORGOK'S KRUSHAS (SPA),36.0,USD
110-88,WH UNDERWORLDS: MORGOK'S KRUSHAS (ENG),36.0,USD
110-89,WHU: MORGWEATH'S BLADE-COVEN (ENGLISH),36.0,USD
110-89,WHU: MORGWEATH'S BLADE-COVEN (SPANISH),36.0,USD
110-92,WH UNDERWORLDS: ARENA MORTIS (ENGLISH),46.0,USD
110-92,WH UNDERWORLDS: ARENA MORTIS (SPANISH),46.0,USD
110-99,WH UNDERWORLDS: KHAGRA'S RAVAGERS (ENG),41.0,USD
110-99,WH UNDERWORLDS: KHAGRA'S RAVAGERS (SPA),41.0,USD
200-01,BLOOD BOWL: SECOND SEASON EDITION (ENG),141.0,USD
200-01,BLOOD BOWL: SECOND SEASON EDITION (SPA),141.0,USD
200-03,BLOOD BOWL RULEBOOK (ENGLISH),51.0,USD
200-03,BLOOD BOWL RULEBOOK (SPANISH),51.0,USD
200-11,BLOOD BOWL: THE SKAVENBLIGHT SCRAMBLERS,41.0,USD
200-17,THE DWARF GIANTS BLOOD BOWL TEAM,41.0,USD
200-23,BLOOD BOWL: OGRE,28.0,USD
200-24,BLOOD BOWL TROLL,31.0,USD
200-27,SCARCRAG SNIVELLERS BLOOD BOWL TEAM,41.0,USD
200-36,THE ELFHEIM EAGLES BLOOD BOWL TEAM,41.0,USD
200-47,BLOOD BOWL: THE DOOM LORDS,41.0,USD
200-54,BLOOD BOWL: NAGGAROTH NIGHTMARES,41.0,USD
200-57,BLOOD BOWL: NURGLE'S ROTTERS TEAM,41.0,USD
200-62,BLOOD BOWL CHAMPIONS OF DEATH TEAM,41.0,USD
200-65,BLOOD BOWL: GREENFIELD GRASSHUGGERS,41.0,USD
200-66,BLOOD BOWL: THE ATHELORN AVENGERS,41.0,USD
200-74,BLOOD BOWL: GWAKA'MOLI CRATER GATORS,41.0,USD
200-90,BLOOD BOWL: SPIKE! JOURNAL ISSUE 11,16.0,USD
200-98,BLOOD BOWL SPECIAL PLAYS CARDS,28.0,USD
200-99,BLOOD BOWL: TREEMAN,33.0,USD
202-01,BLOOD BOWL: CRUD CREEK NOSEPICKERS TEAM,41.0,USD
202-02,BLOOD BOWL: FIRE MOUNTAIN GUT BUSTERS,41.0,USD
202-07,BLOOD BOWL: NECROMANTIC HORROR TEAM,41.0,USD
202-10,BLOOD BOWL NECROMANTIC TEAM CARDS ENG,28.0,USD
21-01,BASE: AVERLAND SUNSET (12ML) (6-PACK),5.0,USD
21-02,JOKAERO ORANGE (6-PACK),5.0,USD
21-03,MEPHISTON RED 12ML (6-PACK),5.0,USD
21-04,KHORNE RED 12ML (6-PACK),5.0,USD
21-05,NAGGAROTH NIGHT (6-PACK),5.0,USD
21-06,BASE: DAEMONETTE HIDE (12ML) (6-PACK),5.0,USD
21-07,KANTOR BLUE 12ML (6-PACK),5.0,USD
21-08,MACRAGGE BLUE (12ML) (6-PACK),5.0,USD
21-09,CALEDOR SKY (6-PACK),5.0,USD
21-10,STEGADON SCALE GREEN (6-PACK),5.0,USD
21-11,INCUBI DARKNESS (6-PACK),5.0,USD
21-12,CALIBAN GREEN 12ML (6-PACK),5.0,USD
21-13,WAAAGH! FLESH (6-PACK),5.0,USD
21-14,CASTELLAN GREEN (6-PACK),5.0,USD
21-15,BASE: DEATHWORLD FOREST (12ML) (6-PACK),5.0,USD
21-16,ZANDRI DUST (6-PACK),5.0,USD
21-17,STEEL LEGION DRAB 12ML (6-PACK),5.0,USD
21-18,BUGMAN'S GLOW 12ML (6-PACK),5.0,USD
21-19,BASE: RATSKIN FLESH (12ML) (6-PACK),5.0,USD
21-20,MOURNFANG BROWN 12ML (6-PACK),5.0,USD
21-21,XV-88 12ML (6-PACK),5.0,USD
21-22,RHINOX HIDE (6-PACK),5.0,USD
21-23,DRYAD BARK 12ML (6-PACK),5.0,USD
21-24,MECHANICUS STANDARD GREY (12ML) (6-PACK),5.0,USD
21-25,ABADDON BLACK 12ML (6-PACK),5.0,USD
21-26,CELESTRA GREY 12ML (6-PACK),5.0,USD
21-27,RAKARTH FLESH 12ML (6-PACK),5.0,USD
21-28,LEADBELCHER (6-PACK),5.0,USD
21-29,BASE: BALTHASAR GOLD (12ML) (6-PACK),5.0,USD
21-30,SCREAMING BELL (6-PACK),5.0,USD
21-31,WARPLOCK BRONZE (6-PACK),5.0,USD
21-32,THE FANG (6-PACK),5.0,USD
21-33,SCREAMER PINK 12ML (6-PACK),5.0,USD
21-35,RETRIBUTOR ARMOUR 12ML (6-PACK),7.0,USD
21-36,BASE: THOUSAND SONS BLUE (12ML) (6-PACK),5.0,USD
21-37,BASE: DEATH GUARD GREEN (12ML) (6-PACK),5.0,USD
21-38,BASE: IONRACH SKIN (12ML) 6-PACK,5.0,USD
21-39,BASE: PHOENICIAN PURPLE (12ML) (6-PACK),5.0,USD
21-40,BASE: DEATH KORPS DRAB (12ML) (6-PACK),5.0,USD
21-41,BASE: GAL VORBAK RED (12ML) (6-PACK),5.0,USD
21-42,BASE: NIGHT LORDS BLUE (12ML) (6-PACK),5.0,USD
21-43,BASE: NOCTURNE GREEN (12ML) (6-PACK),5.0,USD
21-44,BASE: CORVUS BLACK (12ML) (6-PACK),5.0,USD
21-45,BASE: LUPERCAL GREEN (12ML) (6-PACK),5.0,USD
21-46,BASE: IRON HANDS STEEL (12ML) (6-PACK),5.0,USD
21-47,BASE: GREY KNIGHTS STEEL (12ML) (6-PACK),5.0,USD
21-48,BASE: IRON WARRIORS (12ML) (6-PACK),5.0,USD
21-49,BASE: BARAK-NAR BURGUNDY (12ML) (6-PACK),5.0,USD
21-50,BASE: CATACHAN FLESHTONE (12ML) (6-PACK),5.0,USD
21-51,BASE: MORGHAST BONE (12ML) (6-PACK),5.0,USD
21-52,BASE: CORAX WHITE (12ML) (6-PACK),5.0,USD
21-53,BASE: WRAITHBONE (12ML) (6-PACK),5.0,USD
21-54,BASE: GREY SEER (12ML) (6-PACK),5.0,USD
21-55,BASE: RUNELORD BRASS (12ML) (6-PACK),7.0,USD
22-01,YRIEL YELLOW 12ML (6-PACK),5.0,USD
22-02,FLASH GITZ YELLOW (6-PACK),5.0,USD
22-03,TROLL SLAYER ORANGE 12ML (6-PACK),5.0,USD
22-04,FIRE DRAGON BRIGHT 12ML (6-PACK),5.0,USD
22-05,EVIL SUNZ SCARLET 12ML (6-PACK),5.0,USD
22-06,WILD RIDER RED 12ML (6-PACK),5.0,USD
22-07,WAZDAKKA RED 12ML (6-PACK),5.0,USD
22-08,SQUIG ORANGE (6-PACK),5.0,USD
22-09,XEREUS PURPLE (6-PACK),5.0,USD
22-10,GENESTEALER PURPLE (6-PACK),5.0,USD
22-11,LAYER: WARPFIEND GREY (12ML) (6-PACK),5.0,USD
22-12,LAYER: SLAANESH GREY (12ML) (6-PACK),5.0,USD
22-13,ALAITOC BLUE (6-PACK),5.0,USD
22-14,HOETH BLUE (6-PACK),5.0,USD
22-15,ALTDORF GUARD BLUE (6-PACK),5.0,USD
22-16,CALGAR BLUE 12ML (6-PACK),5.0,USD
22-17,TECLIS BLUE (6-PACK),5.0,USD
22-18,LOTHERN BLUE (6-PACK),5.0,USD
22-19,SOTEK GREEN (6-PACK),5.0,USD
22-20,TEMPLE GUARD BLUE 12ML (6-PACK),5.0,USD
22-21,KABALITE GREEN (6-PACK),5.0,USD
22-22,SYBARITE GREEN (6-PACK),5.0,USD
22-23,WARPSTONE GLOW (6-PACK),5.0,USD
22-24,MOOT GREEN 12ML (6-PACK),5.0,USD
22-25,WARBOSS GREEN 12ML (6-PACK),5.0,USD
22-26,SKARSNIK GREEN 12ML (6-PACK),5.0,USD
22-27,LAYER: LOREN FOREST (12ML) (6-PACK),5.0,USD
22-28,STRAKEN GREEN (6-PACK),5.0,USD
22-29,NURGLING GREEN 12ML (6-PACK),5.0,USD
22-30,ELYSIAN GREEN (6-PACK),5.0,USD
22-31,OGRYN CAMO 12ML (6-PACK),5.0,USD
22-32,USHABTI BONE (6-PACK),5.0,USD
22-33,SCREAMING SKULL 12ML (6-PACK),5.0,USD
22-34,TALLARN SAND (6-PACK),5.0,USD
22-35,KARAK STONE (6-PACK),5.0,USD
22-36,CADIAN FLESHTONE 12ML (6-PACK),5.0,USD
22-37,KISLEV FLESH (6-PACK),5.0,USD
22-38,LAYER: BESTIGOR FLESH (12ML) (6-PACK),5.0,USD
22-39,UNGOR FLESH (6-PACK),5.0,USD
22-40,SKRAG BROWN (6-PACK),5.0,USD
22-41,DEATHCLAW BROWN (6-PACK),5.0,USD
22-42,TAU LIGHT OCHRE (12ML) (6-PACK),5.0,USD
22-43,BALOR BROWN 12ML (6-PACK),5.0,USD
22-44,ZAMESI DESERT (6-PACK),5.0,USD
22-45,DOOMBULL BROWN (6-PACK),5.0,USD
22-46,TUSKGOR FUR (6-PACK),5.0,USD
22-47,GORTHOR BROWN (6-PACK),5.0,USD
22-48,BANEBLADE BROWN 12ML (6-PACK),5.0,USD
22-49,DAWNSTONE 12ML (6-PACK),5.0,USD
22-50,ADMINISTRATUM GREY 12ML (6-PACK),5.0,USD
22-51,ESHIN GREY (6-PACK),5.0,USD
22-52,LAYER: DARK REAPER (12ML) (6-PACK),5.0,USD
22-53,LAYER: THUNDERHAWK BLUE (12ML) (6-PACK),5.0,USD
22-54,SKAVENBLIGHT DINGE (6-PACK),5.0,USD
22-55,STORMVERMIN FUR (6-PACK),5.0,USD
22-56,ULTHUAN GREY (6-PACK),5.0,USD
22-57,WHITE SCAR 12ML (6-PACK),5.0,USD
22-58,PALLID WYCH FLESH 12ML (6-PACK),5.0,USD
22-59,IRONBREAKER (6-PACK),5.0,USD
22-60,RUNEFANG STEEL (6-PACK),5.0,USD
22-61,GEHENNA'S GOLD (6-PACK),5.0,USD
22-62,AURIC ARMOUR GOLD (6-PACK),5.0,USD
22-63,LAYER: HASHUT COPPER (12ML) (6-PACK),5.0,USD
22-64,SYCORAX BRONZE (6-PACK),5.0,USD
22-65,BRASS SCORPION (6-PACK),5.0,USD
22-67,RUSS GREY (6-PACK),5.0,USD
22-68,FENRISIAN GREY (6-PACK),5.0,USD
22-69,PINK HORROR 12ML (6-PACK),5.0,USD
22-70,EMPEROR'S CHILDREN (6-PACK),5.0,USD
22-71,LIBERATOR GOLD 12ML (6-PACK),7.0,USD
22-72,FLAYED ONE FLESH (6-PACK),5.0,USD
22-73,LAYER:SKULLCRUSHER BRASS (12ML) (6-PACK),7.0,USD
22-74,LAYER: FULGURITE COPPER (12ML) (6-PACK),7.0,USD
22-75,LAYER: STORMHOST SILVER (12ML) (6-PACK),7.0,USD
22-76,LAYER: AHRIMAN BLUE (12ML) (6-PACK),5.0,USD
22-77,LAYER: DEEPKIN FLESH (12ML) 6-PACK,5.0,USD
22-78,LAYER: GAUSS BLASTER GREEN (12ML) (6PK),5.0,USD
22-79,LAYER: BAHARROTH BLUE (12ML) (6-PACK),5.0,USD
22-80,LAYER: DORN YELLOW (12ML) (6-PACK),5.0,USD
22-81,LAYER: FULGRIM PINK (12ML) (6-PACK),5.0,USD
22-82,LAYER: DECHALA LILAC (12ML) (6-PACK),5.0,USD
22-83,LAYER: KRIEG KHAKI (12ML) (6-PACK),5.0,USD
22-84,LAYER: BLUE HORROR (12ML) (6-PACK),5.0,USD
22-85,LAYER: LUGGANATH ORANGE (12ML) (6-PACK),5.0,USD
22-86,LAYER: KAKOPHONI PURPLE (12ML) (6-PACK),5.0,USD
22-87,LAYER:SONS OF HORUS GREEN (12ML)(6-PACK),5.0,USD
22-88,LAYER: PHALANX YELLOW (12ML) (6-PACK),5.0,USD
22-89,LAYER: CASTELLAX BRONZE (12ML) (6-PACK),5.0,USD
22-90,LAYER: VULKAN GREEN (12ML) (6-PACK),5.0,USD
22-91,LAYER: WORD BEARERS RED (12ML) (6-PACK),5.0,USD
22-92,LAYER: BLOODREAVER FLESH (12ML) (6-PACK),5.0,USD
22-93,LAYER: KNIGHT-QUESTOR FLESH (12ML) 6-PK,5.0,USD
22-94,LAYER: CANOPTEK ALLOY (12ML) (6-PACK),7.0,USD
23-01,HEXOS PALESUN (6-PACK),5.0,USD
23-02,KINDLEFLAME (6-PACK),5.0,USD
23-03,LUCIUS LILAC (6-PACK),5.0,USD
23-04,PRAXETI WHITE (6-PACK),5.0,USD
23-05,DRY: ETHERIUM BLUE (12ML) (6-PACK),5.0,USD
23-06,SKINK BLUE (6-PACK),5.0,USD
23-07,HELLION GREEN (6-PACK),5.0,USD
23-08,UNDERHIVE ASH (6-PACK),5.0,USD
23-09,DRY: ELDAR FLESH (12ML) (6-PACK),5.0,USD
23-10,DRY: TYRANT SKULL (12ML) (6-PACK),5.0,USD
23-11,DRY: TERMINATUS STONE (12ML) (6-PACK),5.0,USD
23-12,LONGBEARD GREY (6-PACK),5.0,USD
23-13,NECRON COMPOUND 12ML (6-PACK),5.0,USD
23-14,GOLDEN GRIFFON (6-PACK),5.0,USD
23-15,CHANGELING PINK (6-PACK),5.0,USD
23-16,RYZA RUST (6-PACK),5.0,USD
23-17,DRY: ASTORATH RED (6-PACK),5.0,USD
23-18,DRY: HOETH BLUE (6-PACK),5.0,USD
23-19,DRY: CHRONUS BLUE (6-PACK),5.0,USD
23-20,DRY: IMRIK BLUE (6-PACK),5.0,USD
23-21,DRY: STORMFANG (6-PACK),5.0,USD
23-22,DRY: WRACK WHITE (6-PACK),5.0,USD
23-24,DRY: NIBLET GREEN (6-PACK),5.0,USD
23-25,DRY: NURGLING GREEN (6-PACK),5.0,USD
23-26,DRY: GOLGFAG BROWN (6-PACK),5.0,USD
23-27,DRY: VERMINLORD HIDE (6-PACK),5.0,USD
23-28,DRY: SYLVANETH BARK (6-PACK),5.0,USD
23-29,DRY: DAWNSTONE (6-PACK),5.0,USD
23-30,DRY: SIGMARITE (6-PACK),5.0,USD
23-31,DRY: SLAANESH GREY (12ML) (6-PACK),5.0,USD
23-32,DRY: THUNDERHAWK BLUE (12ML) (6-PACK),5.0,USD
24-13,SHADE: CARROBURG CRIMSON (24ML) (6-PACK),8.0,USD
24-14,SHADE: NULN OIL (24ML) (6-PACK),8.0,USD
24-15,SHADE: AGRAX EARTHSHADE (24ML) (6-PACK),8.0,USD
24-16,SHADE: DRUCHII VIOLET (24ML) (6-PACK),8.0,USD
24-17,SHADE: DRAKENHOF NIGHTSHADE (24ML) (6PK),8.0,USD
24-18,SHADE: CASANDORA YELLOW (24ML) (6-PACK),8.0,USD
24-19,SHADE: BIEL-TAN GREEN (24ML) (6-PACK),8.0,USD
24-20,SHADE: FUEGAN ORANGE (24ML) (6-PACK),8.0,USD
24-21,SHADE: ATHONIAN CAMOSHADE (24ML) (6PK),8.0,USD
24-22,SHADE: COELIA GREENSHADE (24ML) 6-PACK,8.0,USD
24-23,SHADE: SERAPHIM SEPIA (24ML) (6-PACK),8.0,USD
24-24,SHADE: REIKLAND FLESHSHADE (24ML) 6-PACK,8.0,USD
24-25,SHADE: NULN OIL GLOSS (24ML) (6-PACK),8.0,USD
24-26,SHADE:AGRAX EARTHSHADE GLOSS 24ML 6-PACK,8.0,USD
24-27,SHADE:REIKLAND FLESHSHADE GLOSS 24ML 6PK,8.0,USD
24-28,SHADE: CRYPTEK ARMOURSHADE (18ML) (6-PK),8.0,USD
27-02,TECHNICAL: LAHMIAN MEDIUM (24ML) (6PK),8.0,USD
27-03,TECHNICAL: 'ARDCOAT (24ML) (6-PACK),8.0,USD
27-05,BLOOD FOR THE BLOOD GOD (6-PACK),5.0,USD
27-06,NIHILAKH OXIDE 12ML (6-PACK),5.0,USD
27-09,NURGLES ROT 12ML (6-PACK),5.0,USD
27-10,TYPHUS CORROSION (6-PACK),5.0,USD
27-12,TECHNICAL: SPIRITSTONE RED (12ML) 6-PACK,5.0,USD
27-13,TECHNICAL: SOULSTONE BLUE (12ML) 6-PACK,5.0,USD
27-14,TECHNICAL: WAYSTONE GREEN (12ML) 6-PACK,5.0,USD
27-19,TECHNICAL: NIGHTHAUNT GLOOM (24ML) X6,8.0,USD
27-20,TECHNICAL: HEXWRAITH FLAME (24ML) X6,8.0,USD
27-21,TECHNICAL: MORDANT EARTH (24ML) (6-PACK),8.0,USD
27-22,TECHNICAL: AGRELLAN EARTH (24ML) (6PK),8.0,USD
27-23,TECHNICAL: AGRELLAN BADLAND (24ML) (6PK),8.0,USD
27-24,TECHNICAL: MARTIAN IRONEARTH (24ML) 6PK,8.0,USD
27-25,TECHNICAL: MARTIAN IRONCRUST (24ML) 6PK,8.0,USD
27-26,TECHNICAL: STIRLAND MUD (24ML) (6-PACK),8.0,USD
27-27,TECHNICAL: STIRLAND BATTLEMIRE 24ML 6PK,8.0,USD
27-28,TECHNICAL: ARMAGEDDON DUST (24ML) (6PK),8.0,USD
27-29,TECHNICAL: ARMAGEDDON DUNES (24ML) (6PK),8.0,USD
27-30,TECHNICAL: ASTROGRANITE (24ML) (6-PACK),8.0,USD
27-31,TECHNICAL: ASTROGRANITE DEBRIS 24ML 6PK,8.0,USD
27-32,TECHNICAL: VALHALLAN BLIZZARD (24ML) 6PK,8.0,USD
27-33,TECHNICAL: CONTRAST MEDIUM (24ML) (6-PK),8.0,USD
27-34,TECHNICAL: STORMSHIELD (24ML) (6-PACK),8.0,USD
27-35,TECHNICAL: TESSERACT GLOW (18ML) 6-PACK,8.0,USD
28-01,AIR: AVERLAND SUNSET (24ML) (6-PACK),8.0,USD
28-02,AIR: MEPHISTON RED (24ML) (6-PACK),8.0,USD
28-03,AIR: KHORNE RED (24ML) (6-PACK),8.0,USD
28-04,AIR: KANTOR BLUE (24ML) (6-PACK),8.0,USD
28-05,AIR: MACRAGGE BLUE (24ML) (6-PACK),8.0,USD
28-06,AIR: CALEDOR SKY (24ML) (6-PACK),8.0,USD
28-07,AIR: CALIBAN GREEN (24ML) (6-PACK),8.0,USD
28-08,AIR: CASTELLAN GREEN (24ML) (6-PACK),8.0,USD
28-09,AIR: DEATHWORLD FOREST (24ML) (6-PACK),8.0,USD
28-10,AIR: ZANDRI DUST (24ML) (6-PACK),8.0,USD
28-11,AIR: MOURNFANG BROWN (24ML) (6-PACK),8.0,USD
28-12,AIR: XV-88 (24ML) (6-PACK),8.0,USD
28-13,AIR: DRYAD BARK (24ML) (6-PACK),8.0,USD
28-14,AIR: MECH STANDARD GREY (24ML) (6-PACK),8.0,USD
28-15,AIR: ABADDON BLACK (24ML) (6-PACK),8.0,USD
28-16,AIR: LEADBELCHER (24ML) (6-PACK),8.0,USD
28-17,AIR: BALTHASAR GOLD 24ML (6-PACK),8.0,USD
28-18,AIR: STEEL LEGION DRAB (24ML) (6-PACK),8.0,USD
28-19,AIR: THE FANG (24ML) (6-PACK),8.0,USD
28-20,AIR: FLASH GITZ YELLOW (24ML) (6-PACK),8.0,USD
28-21,AIR: TROLL SLAYER ORANGE (24ML) (6-PACK),8.0,USD
28-22,AIR: EVIL SUNZ SCARLET (24ML) (6-PACK),8.0,USD
28-23,AIR: GENESTEALER PURPLE (24ML) (6-PACK),8.0,USD
28-24,AIR: CALGAR BLUE (24ML) (6-PACK),8.0,USD
28-25,AIR: LOTHERN BLUE (24ML) (6-PACK),8.0,USD
28-26,AIR: TEMPLE GUARD BLUE (24ML) (6-PACK),8.0,USD
28-27,AIR: SYBARITE GREEN (24ML) (6-PACK),8.0,USD
28-28,AIR: MOOT GREEN (24ML) (6-PACK),8.0,USD
28-29,AIR: WARBOSS GREEN (24ML) (6-PACK),8.0,USD
28-30,AIR: STRAKEN GREEN (24ML) (6-PACK),8.0,USD
28-31,AIR: ELYSIAN GREEN (24ML) (6-PACK),8.0,USD
28-32,AIR: OGRYN CAMO (24ML) (6-PACK),8.0,USD
28-33,AIR: USHABTI BONE (24ML) (6-PACK),8.0,USD
28-34,AIR: CASTE THINNER (24ML) (6-PACK),8.0,USD
28-35,AIR: TALLARN SAND (24ML) (6-PACK),8.0,USD
28-36,AIR: KARAK STONE (24ML) (6-PACK),8.0,USD
28-37,AIR: KISLEV FLESH (24ML) (6-PACK),8.0,USD
28-38,AIR: DEATHCLAW BROWN (24ML) (6-PACK),8.0,USD
28-39,AIR: TAU LIGHT OCHRE (24ML) (6-PACK),8.0,USD
28-40,AIR: BALOR BROWN (24ML) (6-PACK),8.0,USD
28-41,AIR: TUSKGOR FUR (24ML) (6-PACK),8.0,USD
28-42,AIR: BANEBLADE BROWN (24ML) (6-PACK),8.0,USD
28-43,AIR: DAWNSTONE (24ML) (6-PACK),8.0,USD
28-44,AIR: ADMINISTRATUM GREY (24ML) (6-PACK),8.0,USD
28-45,AIR: ULTHUAN GREY (24ML) (6-PACK),8.0,USD
28-46,AIR: WHITE SCAR (24ML) (6-PACK),8.0,USD
28-47,AIR: IRONBREAKER (24ML) (6-PACK),8.0,USD
28-48,AIR: RUNEFANG STEEL (24ML) (6-PACK),8.0,USD
28-49,AIR: RELICTOR GOLD (24ML) (6-PACK),8.0,USD
28-50,AIR: RUSS GREY (24ML) (6-PACK),8.0,USD
28-51,AIR: FENRISIAN GREY (24ML) (6-PACK),8.0,USD
28-52,AIR: TERMINATUS STONE (24ML) (6-PACK),8.0,USD
28-55,AIR: ANGRON RED CLEAR (24ML) (6-PACK),8.0,USD
28-56,AIR: CALTH BLUE CLEAR (24ML) (6-PACK),8.0,USD
28-57,AIR: DEATHSHROUD CLEAR (24ML) (6-PACK),8.0,USD
28-58,AIR: EIDOLON PURPLE CLEAR (24ML)(6-PACK),8.0,USD
28-59,AIR: MORTARION GREEN (24ML) (6-PACK),8.0,USD
28-60,AIR: PHOENICIAN PURPLE (24ML) (6-PACK),8.0,USD
28-61,AIR: PYROCLAST ORANGE CLEAR (24ML) 6PK,8.0,USD
28-62,AIR: SIGISMUND YELLOW CL (24ML) (6-PACK),8.0,USD
28-63,AIR: NIGHT LORDS BLUE (24ML) (6-PACK),8.0,USD
28-64,AIR: DEATH KORPS DRAB (24ML) (6-PACK),8.0,USD
28-65,AIR: VULKAN GREEN (24ML) (6-PACK),8.0,USD
28-66,AIR: CORVUS BLACK (24ML) (6-PACK),8.0,USD
28-67,AIR: CHEMOS PURPLE (24ML) (6-PACK),8.0,USD
28-68,AIR: TYPHON ASH (24ML) (6-PACK),8.0,USD
28-69,AIR: SONS OF HORUS GREEN (24ML) (6-PACK),8.0,USD
28-70,AIR: PHALANX YELLOW (24ML) (6-PACK),8.0,USD
28-71,AIR: KAKOPHONI PURPLE (24ML) (6-PACK),8.0,USD
28-72,AIR: NOCTURNE GREEN (24ML) (6-PACK),8.0,USD
28-73,AIR: LUPERCAL GREEN (24ML) (6-PACK),8.0,USD
28-74,AIR: GAL VORBAK RED (24ML) (6-PACK),8.0,USD
28-75,AIR: WORD BEARERS RED (24ML) (6-PACK),8.0,USD
28-76,AIR: CASTELLAX BRONZE (24ML) (6-PACK),8.0,USD
28-77,AIR: VALDOR GOLD (24ML) (6-PACK),8.0,USD
28-78,AIR: IRON HANDS STEEL (24ML) (6-PACK),8.0,USD
28-79,AIR: GREY KNIGHTS STEEL (24ML) (6-PACK),8.0,USD
28-80,AIR: THALLAX GOLD (24ML) (6-PACK),8.0,USD
29-10,CONTRAST: IYANDEN YELLOW (18ML) (6-PACK),8.0,USD
29-11,CONTRAST: GRYPH-HOUND ORANGE (18ML) 6PK,8.0,USD
29-12,CONTRAST: BLOOD ANGELS RED (18ML) (6PK),8.0,USD
29-13,CONTRAST: FLESH TEARERS RED (18ML) (6PK),8.0,USD
29-14,CONTRAST: VOLUPUS PINK (18ML) (6-PACK),8.0,USD
29-15,CONTRAST: SHYISH PURPLE (18ML) (6-PACK),8.0,USD
29-16,CONTRAST: MAGOS PURPLE (18ML) (6-PACK),8.0,USD
29-17,CONTRAST: LEVIADON BLUE (18ML) (6-PACK),8.0,USD
29-18,CONTRAST: ULTRAMARINES BLUE (18ML) (6PK),8.0,USD
29-19,CONTRAST: AKHELIAN GREEN (18ML) (6-PACK),8.0,USD
29-20,CONTRAST: DARK ANGELS GREEN (18ML) (6PK),8.0,USD
29-21,CONTRAST: NAZDREG YELLOW (18ML) (6-PACK),8.0,USD
29-22,CONTRAST: ORK FLESH (18ML) (6-PACK),8.0,USD
29-23,CONTRAST: CREED CAMO (18ML) (6-PACK),8.0,USD
29-24,CONTRAST: MILITARUM GREEN (18ML) (6PK),8.0,USD
29-25,CONTRAST: AGGAROS DUNES (18ML) (6-PACK),8.0,USD
29-26,CONTRAST: SKELETON HORDE (18ML) (6-PACK),8.0,USD
29-27,CONTRAST: SNAKEBITE LEATHER (18ML) (6PK),8.0,USD
29-28,CONTRAST: GORE-GRUNTA FUR (18ML) (6PK),8.0,USD
29-29,CONTRAST: CYGOR BROWN (18ML) (6-PACK),8.0,USD
29-30,CONTRAST: WYLDWOOD (18ML) (6-PACK),8.0,USD
29-31,CONTRAST: FYRESLAYER FLESH (18ML) (6PK),8.0,USD
29-32,CONTRAST: GUILLIMAN FLESH (18ML) (6PK),8.0,USD
29-33,CONTRAST: DARKOATH FLESH (18ML) (6-PACK),8.0,USD
29-34,CONTRAST: APOTHECARY WHITE (18ML) (6PK),8.0,USD
29-35,CONTRAST: GRYPH-CHARGER GREY (18ML) 6PK,8.0,USD
29-36,CONTRAST: SPACE WOLVES GREY (18ML) (6PK),8.0,USD
29-37,CONTRAST: BASILICANUM GREY (18ML) (6PK),8.0,USD
29-38,CONTRAST: BLACK TEMPLAR (18ML) (6-PACK),8.0,USD
29-39,CONTRAST: TALASSAR BLUE (18ML) (6-PACK),8.0,USD
29-40,CONTRAST: WARP LIGHTNING (18ML) (6-PACK),8.0,USD
29-41,CONTRAST: AETHERMATIC BLUE (18ML) (6PK),8.0,USD
29-42,CONTRAST: PLAGUEBEARER FLESH (18ML) 6PK,8.0,USD
29-43,CONTRAST: TERRADON TURQUOISE (18ML) 6PK,8.0,USD
300-09,NECROMUNDA: DARK UPRISING (ENGLISH),293.0,USD
300-10,NECROMUNDA GOLIATH GANG,43.0,USD
300-11,NECROMUNDA ESCHER GANG,43.0,USD
300-16,NECROMUNDA 32MM BASES (X10),7.0,USD
300-20,NECROMUNDA ORLOCK GANG,43.0,USD
300-25-60,NECROMUNDA: RULEBOOK (ENGLISH),61.0,USD
300-26-60,NECROMUNDA: GANGS OF THE UNDERHIVE (ENG),51.0,USD
300-29,NECROMUNDA: VAN SAAR GANG,43.0,USD
300-31,NECROMUNDA CAWDOR GANG,43.0,USD
300-36,NECROMUNDA: DELAQUE GANG,43.0,USD
300-37,NECROMUNDA AMBOT AUTOMATA,43.0,USD
300-38,NECROMUNDA KAL JERICHO AND SCABS,36.0,USD
300-41-60,NECROMUNDA: THE BOOK OF JUDGEMENT (ENG),48.0,USD
300-45,NECROMUNDA: PALANITE ENFORCER PATROL,43.0,USD
300-46,NECROMUNDA: PALANITE SUBJUGATOR PATROL,43.0,USD
300-47,NECROMUNDA: CORPSE GRINDER CULT,43.0,USD
300-48,ZONE MORTALIS: COLUMNS & WALLS,81.0,USD
300-49,ZONE MORTALIS: PLATFORMS & STAIRS,61.0,USD
300-52,NECROMUNDA: HOUSE OF CHAINS (ENGLISH),48.0,USD
300-53,NECROMUNDA: HOUSE OF BLADES (ENGLISH),48.0,USD
300-55,NECROMUNDA: HOUSE OF IRON (ENGLISH),48.0,USD
300-56,NECROMUNDA: HOUSE OF ARTIFICE (ENGLISH),48.0,USD
300-59,NECROMUNDA:ZONE MORTALIS FLOOR TILE SET,66.0,USD
300-60,NECROMUNDA: THE BOOK OF RUIN (ENGLISH),48.0,USD
300-62,NECROMUNDA: GOLIATH STIMMERS & FORGEBORN,43.0,USD
300-64,JOTUNN H-GRADE SERVITOR OGRYNS,41.0,USD
300-66,ESCHER DEATH MAIDENS & WYLD RUNNERS,43.0,USD
300-69,NECROMUNDA:ZONE MORTALIS:GANG STRONGHOLD,91.0,USD
300-70,ORLOCK ARMS MASTERS AND WRECKERS,43.0,USD
300-71,VAN SAAR ARCHEOTEKS & GRAV-CUTTERS,43.0,USD
400-10,ADEPTUS TITANICUS CIVITAS IMPERIALIS,45.0,USD
400-14,ADEPTUS TITANICUS STARTER SET (ENGLISH),152.0,USD
400-18,ADEPTUS TITANICUS WARHOUND SCOUT TITANS,66.0,USD
400-22,WARLORD TITAN WITH PLASMA ANNIHILATOR,111.0,USD
400-23,REAVER TITAN W/MELTA CANNON & CHAINFIST,61.0,USD
400-26,A/TITANICUS ACASTUS KNIGHTS PORPHYRION,51.0,USD
400-29,ADEPTUS TITANICUS QUESTORIS KNIGHTS,41.0,USD
400-31-60,ACASTUS KNIGHT COMMAND TERMINAL PK (ENG),26.0,USD
400-32,ADEPTUS TITANICUS: SHADOW AND IRON (ENG),36.0,USD
400-34,WARBRINGER NEMESIS TITAN W/QUAKE CANNON,91.0,USD
400-36,AD/TITANICUS: MANUFACTORUM IMPERIALIS,55.0,USD
400-37,AT CERASTUS KNIGHTS ACHERON & CASTIGATOR,66.0,USD
500-12,A/I: IMPERIAL NAVY THUNDERBOLT FIGHTERS,42.0,USD
500-13,A/I: IMPERIAL NAVY MARAUDER BOMBERS,42.0,USD
500-14,A/IMPERIALIS: ORK AIR WAAAGH! DAKKAJETS,42.0,USD
500-15,A/I: ORK AIR WAAAGH! FIGHTA BOMMERZ,42.0,USD
500-16,A/I: IMPERIAL NAVY MARAUDER DESTROYERS,42.0,USD
500-18,A/I: ORK AIR WAAAGH! 'EAVY BOMMERZ,55.0,USD
500-19,A/I ORK AIR WAAAGH! GROT BOMMERS,55.0,USD
500-24,AERONAUTICA IMPERIALIS: TAROS AIR WAR,36.0,USD
500-28,A/I IMPERIAL NAVY LIGHTNING FIGHTERS,43.0,USD
500-29,A/I: T'AU AIR CASTE BARRACUDA FIGHTERS,43.0,USD
500-30,AERO/IMPERIALIS: SKIES OF FIRE (ENGLISH),91.0,USD
500-31,AER/IMP: VALKYRIE ASSAULT CARRIERS,43.0,USD
500-32,A/I: T'AU TIGER SHARK FIGHTER-BOMBERS,43.0,USD
500-33,A/I:T'AU TIGER SHARK AX-1.0 FIGHTER-BOMB,43.0,USD
500-34,A/I: IMPER. NAVY AVENGER STRIKE FIGHTERS,43.0,USD
60-07,CITADEL WATER POT (6-PACK),11.0,USD
60-36,CITADEL PALETTE PAD (6-PACK),11.0,USD
60-37,CITADEL SKIRMISH FIGURE CASE,60.0,USD
60-38,CITADEL BATTLE FIGURE CASE,99.0,USD
60-39,CITADEL CRUSADE FIGURE CASE,139.0,USD
60-66,CITADEL HOBBY PROJECT BOX,89.0,USD
60-67,CITADEL PAINT BOX,55.0,USD
60-68,CITADEL PAINT RACK,19.0,USD
63-12,CITADEL SMALL BASE BRUSH (3-PACK),7.0,USD
63-13,CITADEL MEDIUM BASE BRUSH (3-PACK),9.0,USD
63-14,CITADEL LARGE BASE BRUSH (3-PACK),9.0,USD
63-15,CITADEL EXTRA LARGE BASE BRUSH (3-PACK),11.0,USD
63-16,CITADEL MEDIUM SHADE BRUSH (3-PACK),9.0,USD
63-17,CITADEL LARGE SHADE BRUSH (3-PACK),13.0,USD
63-18,CITADEL SMALL DRYBRUSH (3-PACK),7.0,USD
63-19,CITADEL MEDIUM DRYBRUSH (3-PACK),7.0,USD
63-20,CITADEL LARGE DRYBRUSH (3-PACK),10.0,USD
63-21,CITADEL SMALL LAYER BRUSH (6-PACK),8.0,USD
63-22,CITADEL MEDIUM LAYER BRUSH (6-PACK),9.0,USD
63-23,CITADEL X-SMALL ARTIFICER LAYER BRUSH,22.0,USD
63-24,CITADEL MEDIUM GLAZE BRUSH (3-PACK),8.0,USD
63-25,CITADEL MEDIUM SCENERY BRUSH (3-PACK),10.0,USD
63-26,CITADEL LARGE SCENERY BRUSH (3-PACK),10.0,USD
63-27,CITADEL MEDIUM TEXTURE SPREADER (3-PACK),9.0,USD
63-28,CITADEL SMALL ARTIFICER LAYER BRUSH,25.0,USD
63-29,CITADEL MEDIUM ARTIFICER LAYER BRUSH,28.0,USD
64-29,CITADEL SKULLS,31.0,USD
64-51,CITADEL CREEPING VINES,31.0,USD
64-52,CITADEL BARBED BRACKEN,31.0,USD
65-02,GW TAPE MEASURE (PACK OF 3),11.0,USD
65-36,CITADEL 12mm DICE SET (6-PACK),11.0,USD
66-08,CITADEL SAW,33.0,USD
66-09,CITADEL PAINTING HANDLE (MK2) (6-PACK),13.0,USD
66-12,LIQUID GREEN STUFF (3-PACK),7.0,USD
66-14,CITADEL PAINTING MAT,26.0,USD
66-15,CITADEL PAINTING HANDLE XL (4-PACK),16.0,USD
66-16,CITADEL ASSEMBLY HANDLE,22.0,USD
66-17,CITADEL COLOUR SPRAY STICK,20.0,USD
66-19,CITADEL MIXED BASE PACK 1,16.0,USD
66-20,CITADEL MIXED BASE PACK 2,16.0,USD
66-23,CITADEL PAINT POT HOLDER (6-PACK),10.0,USD
66-61,CITADEL KNIFE,35.0,USD
66-62,CITADEL FINE DETAIL CUTTERS,36.0,USD
66-64,CITADEL DRILL,28.0,USD
66-65,CITADEL MOULDLINE REMOVER,19.0,USD
66-66,CITADEL FILE SET,22.0,USD
66-79,MIDDENLAND TUFTS (3-PACK),16.0,USD
70-73,START COLLECTING! DAEMONS OF SLAANESH,91.0,USD
70-84,START COLLECTING! DAEMONS OF TZEENTCH,91.0,USD
70-97,START COLLECTING! DAEMONS OF KHORNE,91.0,USD
70-98,START COLLECTING! DAEMONS OF NURGLE,91.0,USD
83-15,DAEMONS OF NURGLE BEAST OF NURGLE,45.0,USD
83-41,DAEMONS OF NURGLE GREAT UNCLEAN ONE,141.0,USD
83-44,DAEMONS OF NURGLE: SLOPPITY BILEPIPER,35.0,USD
83-47,DAEMONS OF NURGLE: SPOILPOX SCRIVENER,35.0,USD
83-53,FECULENT GNARLMAW,41.0,USD
97-06,DAEMONS OF SLAANESH KEEPER OF SECRETS,141.0,USD
97-08,DAEMONS OF KHORNE BLOODLETTERS,37.0,USD
97-09,DAEMONS OF SLAANESH DAEMONETTES,37.0,USD
97-10,DAEMONS OF NURGLE PLAGUEBEARERS,37.0,USD
97-12,DAEMONS OF TZEENTCH PINK HORRORS,39.0,USD
97-13,DAEMONS OF TZEENTCH FLAMERS OF TZEENTCH,35.0,USD
97-18,DAEMONS OF NURGLE NURGLINGS,35.0,USD
97-20,HERALD OF TZEENTCH ON BURNING CHARIOT,45.0,USD
97-26,DAEMONS OF TZEENTCH LORD OF CHANGE,141.0,USD
97-27,DAEMONS OF KHORNE BLOODTHIRSTER,141.0,USD
97-28,SKARBRAND THE BLOODTHIRSTER,141.0,USD
97-30,DAEMONS OF TZEENTCH BLUE HORRORS,39.0,USD
97-35,DAEMONS OF KHORNE SKULLTAKER,37.0,USD
97-39,MAGISTER ON DISC OF TZEENTCH,36.0,USD
97-45,DAEMONS OF TZEENTCH THE CHANGELING,36.0,USD
97-46,DAEMONS OF SLAANESH:INFERNAL ENRAPTURESS,41.0,USD
97-47,SYLL'ESSKE: THE VENGEFUL ALLEGIANCE,51.0,USD
97-48,DAEMONS/SLAANESH: THE CONTORTED EPITOME,51.0,USD
97-62,BLOODMASTER HERALD OF KHORNE,31.0,USD
97-63,DAEMONS OF KHORNE FLESH HOUNDS,51.0,USD
97-64,KARANAK THE HOUND OF VENGEANCE,37.0,USD
97-65,DAEMONS OF SLAANESH: THE MASQUE,35.0,USD
BF-01-03,WARHAMMER QUEST: BLACKSTONE FORTRESS SPA,152.0,USD
BF-01-60,WARHAMMER QUEST: BLACKSTONE FORTRESS ENG,152.0,USD
BF-02,B/STONE FORTRESS: THE DREADED AMBULL SPA,61.0,USD
BF-05,BLACKSTONE FORTRESS: ESCALATION (ENG),111.0,USD
BF-05,BLACKSTONE FORTRESS: ESCALATION (SPA),111.0,USD
BF-07,B/STONE FORTRESS: CULTISTS OF THE ABYSS,26.0,USD
BF-09,BLACKSTONE FORTRESS: ANNUAL 2019 (ENG),26.0,USD
BF-09,BLACKSTONE FORTRESS: ANNUAL 2019 (SPA),26.0,USD
BF-14,BLACKSTONE FORTRESS: ASCENSION (ENGLISH),111.0,USD
BF-14,BLACKSTONE FORTRESS: ASCENSION (SPANISH),111.0,USD
BL2603,HORUS HERESY: WOLFSBANE (PB),11.0,USD
BL2606,THE HAMMER AND THE EAGLE (PB),17.0,USD
BL2646,MALEDICTIONS (PB),17.0,USD
BL2647,THE WICKED AND THE DAMNED (PB),17.0,USD
BL2690,HORUS HERESY: SLAVES TO DARKNESS (PB),11.0,USD
BL2725,NECROMUNDA: TERMINAL OVERKILL (PB),17.0,USD
BL2765,INFERNO! VOLUME 4 (PB),17.0,USD
BL2799,INVOCATIONS (PB),17.0,USD
BL2805,ANATHEMAS (PB),17.0,USD
BL2811,NECROMUNDA: ROAD TO REDEMPTION (PB),17.0,USD
BL2827,NECROMUNDA: SOULLESS FURY (PB),17.0,USD
BL2829,BLACK LIBRARY HORUS HERESY BOOK ENDS,111.0,USD
BL2842,KAL JERICO: SINNER'S BOUNTY (PB),17.0,USD
BL2853,DEATH ON THE PITCH: EXTRA TIME (PB),17.0,USD
BL2854,BLOOD BOWL: THE OMNIBUS (PB),22.0,USD
BL2867,NECROMUNDA: SPARK OF REVOLUTION (HB),10.0,USD
BL2870,NECROMUNDA: UPRISING (PB),17.0,USD
BL2878,THE HARROWED PATHS (PB),17.0,USD
BL2886,THE DEACON OF WOUNDS (HB),20.0,USD
BL2910,BLACK LIBRARY CELEBRATION 2021,0.0,USD
SMH-05,SPACE MARINE HEROES 3 F/DISPENSER (ROW),13.0,USD
WD01-60,WHITE DWARF 460 (JAN-21) (ENGLISH),10.0,USD
WD02-60,WHITE DWARF 461 (FEB-21) (ENGLISH),10.0,USD
WD11-60,WHITE DWARF 458 (NOV-20) (ENGLISH),10.0,USD
WD12-60,WHITE DWARF 459 (DEC-20) (ENGLISH),10.0,USD
